2025/10/20 23:51:56.680499 [INFO] Starting...
2025/10/20 23:51:56.680543 [INFO] Starting EBPlatform-PlatformEngine
2025/10/20 23:51:56.680619 [INFO] reading event message file
2025/10/20 23:51:56.680962 [INFO] Engine received EB command userdata-exec

2025/10/20 23:51:56.687311 [INFO] Running command: /opt/aws/bin/cfn-get-metadata -s arn:aws:cloudformation:ap-southeast-1:974082559319:stack/awseb-e-2nzfb3xwfm-stack/9c272940-ae0f-11f0-8fa9-02ae66e449fd -r AWSEBAutoScalingGroup --region ap-southeast-1
2025/10/20 23:51:56.998796 [INFO] Running command: /opt/aws/bin/cfn-get-metadata -s arn:aws:cloudformation:ap-southeast-1:974082559319:stack/awseb-e-2nzfb3xwfm-stack/9c272940-ae0f-11f0-8fa9-02ae66e449fd -r AWSEBBeanstalkMetadata --region ap-southeast-1
2025/10/20 23:51:57.348594 [INFO] This is a workflow controlled instance.
2025/10/20 23:51:57.348845 [INFO] Engine command: (env-launch)

2025/10/20 23:51:57.349332 [INFO] Executing instruction: SyncClock
2025/10/20 23:51:57.349340 [INFO] Starting SyncClock
2025/10/20 23:51:57.349349 [INFO] Running command: /usr/bin/chronyc tracking
2025/10/20 23:51:57.353015 [INFO] Reference ID    : 00000000 ()
Stratum         : 0
Ref time (UTC)  : Thu Jan 01 00:00:00 1970
System time     : 0.000000000 seconds slow of NTP time
Last offset     : +0.000000000 seconds
RMS offset      : 0.000000000 seconds
Frequency       : 3.867 ppm slow
Residual freq   : +0.000 ppm
Skew            : 0.000 ppm
Root delay      : 1.000000000 seconds
Root dispersion : 1.000000000 seconds
Update interval : 0.0 seconds
Leap status     : Not synchronised

2025/10/20 23:51:57.353033 [INFO] Running command: /usr/bin/chronyc -a makestep
2025/10/20 23:51:57.355757 [INFO] 200 OK

2025/10/20 23:51:57.355812 [INFO] Skipping Configure OS
2025/10/20 23:51:57.355819 [INFO] Skipping LockRepo
2025/10/20 23:51:57.355824 [INFO] Skipping GenerateEBBanner
2025/10/20 23:51:57.355830 [INFO] Skipping Install Process Manager
2025/10/20 23:51:57.355835 [INFO] Skipping install syslog
2025/10/20 23:51:57.355841 [INFO] Skipping install cron
2025/10/20 23:51:57.355846 [INFO] Skipping install proxy
2025/10/20 23:51:57.355850 [INFO] Skipping installhealthd
2025/10/20 23:51:57.355854 [INFO] Skipping Install Log Streaming Manager
2025/10/20 23:51:57.355858 [INFO] Skipping install X-Ray
2025/10/20 23:51:57.355861 [INFO] Skipping install Third Party License
2025/10/20 23:51:57.355865 [INFO] Skipping install httpd
2025/10/20 23:51:57.355870 [INFO] Instance has NOT been bootstrapped
2025/10/20 23:51:57.355872 [INFO] Executing instruction: installSqsd
2025/10/20 23:51:57.355874 [INFO] This is a web server environment instance, skip install sqsd daemon ...
2025/10/20 23:51:57.355878 [INFO] Instance has NOT been bootstrapped
2025/10/20 23:51:57.355880 [INFO] Executing instruction: bootstraphealthd
2025/10/20 23:51:57.355883 [INFO] this is an enhanced health env ...
2025/10/20 23:51:57.355892 [INFO] bootstrap healthd....
2025/10/20 23:51:57.356078 [INFO] Running command: /usr/bin/id -u healthd || /usr/sbin/useradd --user-group healthd -s /sbin/nologin --create-home
2025/10/20 23:51:57.526403 [INFO] /usr/bin/id: ‘healthd’: no such user

2025/10/20 23:51:57.526835 [INFO] bootstrap healthd....
2025/10/20 23:51:57.526857 [INFO] Running command: /usr/bin/id -u healthd || /usr/sbin/useradd --user-group healthd -s /sbin/nologin --create-home
2025/10/20 23:51:57.531333 [INFO] 1001

2025/10/20 23:51:57.531693 [INFO] configure bundle log for healthd...
2025/10/20 23:51:57.531758 [INFO] Executing instruction: GetSetupProxyLog
2025/10/20 23:51:57.531840 [INFO] Skipping Install yum packages
2025/10/20 23:51:57.531845 [INFO] Skipping Install Python Bundle
2025/10/20 23:51:57.531849 [INFO] Skipping Configure Python site-packages
2025/10/20 23:51:57.531853 [INFO] Skipping Install Python Modules
2025/10/20 23:51:57.531857 [INFO] Skipping MarkBaked
2025/10/20 23:51:57.531862 [INFO] Instance has NOT been bootstrapped
2025/10/20 23:51:57.531864 [INFO] Executing instruction: TuneSystemSettings
2025/10/20 23:51:57.531867 [INFO] Starting TuneSystemSettings
2025/10/20 23:51:57.531870 [INFO] Instance has NOT been bootstrapped
2025/10/20 23:51:57.534321 [INFO] Executing instruction: GetSetupLogRotate
2025/10/20 23:51:57.534327 [INFO] Initialize LogRotate files and directories
2025/10/20 23:51:57.552713 [INFO] Instance has NOT been bootstrapped
2025/10/20 23:51:57.552728 [INFO] Executing instruction: BootstrapCFNHup
2025/10/20 23:51:57.552731 [INFO] Bootstrap cfn-hup
2025/10/20 23:51:57.554844 [INFO] Copying file /opt/elasticbeanstalk/config/private/aws-eb-command-handler.conf to /etc/cfn/hooks.d/aws-eb-command-handler.conf
2025/10/20 23:51:57.557281 [INFO] Executing instruction: StartCFNHup
2025/10/20 23:51:57.557293 [INFO] Start cfn-hup
2025/10/20 23:51:57.557308 [INFO] Running command: systemctl show -p PartOf cfn-hup.service
2025/10/20 23:51:57.573768 [INFO] cfn-hup is not registered with EB yet, registering it now
2025/10/20 23:51:57.573805 [INFO] Running command: systemctl show -p PartOf cfn-hup.service
2025/10/20 23:51:57.608198 [INFO] Running command: systemctl daemon-reload
2025/10/20 23:51:57.820861 [INFO] Running command: systemctl reset-failed
2025/10/20 23:51:57.831281 [INFO] Running command: systemctl is-enabled aws-eb.target
2025/10/20 23:51:57.839873 [INFO] Running command: systemctl enable aws-eb.target
2025/10/20 23:51:58.085496 [INFO] Running command: systemctl start aws-eb.target
2025/10/20 23:51:58.095079 [INFO] Running command: systemctl enable cfn-hup.service
2025/10/20 23:51:58.364479 [INFO] Created symlink /etc/systemd/system/multi-user.target.wants/cfn-hup.service → /etc/systemd/system/cfn-hup.service.

2025/10/20 23:51:58.364513 [INFO] Running command: systemctl is-active cfn-hup.service
2025/10/20 23:51:58.373100 [INFO] cfn-hup process is not running, starting it now
2025/10/20 23:51:58.373128 [INFO] Running command: systemctl show -p PartOf cfn-hup.service
2025/10/20 23:51:58.383598 [INFO] Running command: systemctl is-active cfn-hup.service
2025/10/20 23:51:58.391651 [INFO] Running command: systemctl start cfn-hup.service
2025/10/20 23:51:58.504712 [INFO] Instance has NOT been bootstrapped
2025/10/20 23:51:58.504730 [INFO] Executing instruction: SetupPublishLogCronjob
2025/10/20 23:51:58.504733 [INFO] Setup publish logs cron job...
2025/10/20 23:51:58.504736 [INFO] Copying file /opt/elasticbeanstalk/config/private/logtasks/cron/publishlogs to /etc/cron.d/publishlogs
2025/10/20 23:51:58.506999 [INFO] Instance has NOT been bootstrapped
2025/10/20 23:51:58.507018 [INFO] Executing instruction: MarkBootstrapped
2025/10/20 23:51:58.507022 [INFO] Starting MarkBootstrapped
2025/10/20 23:51:58.507025 [INFO] Instance has NOT been bootstrapped
2025/10/20 23:51:58.507124 [INFO] Marked instance as Bootstrapped
2025/10/20 23:51:58.507127 [INFO] Executing instruction: Save CFN Stack Info
2025/10/20 23:51:58.507182 [INFO] Executing cleanup logic
2025/10/20 23:51:58.507190 [INFO] Platform Engine finished execution on command: env-launch

2025/10/20 23:52:15.879631 [INFO] Starting...
2025/10/20 23:52:15.879674 [INFO] Starting EBPlatform-PlatformEngine
2025/10/20 23:52:15.879694 [INFO] reading event message file
2025/10/20 23:52:15.879989 [INFO] Engine received EB command cfn-hup-exec

2025/10/20 23:52:15.941586 [INFO] Running command: /opt/aws/bin/cfn-get-metadata -s arn:aws:cloudformation:ap-southeast-1:974082559319:stack/awseb-e-2nzfb3xwfm-stack/9c272940-ae0f-11f0-8fa9-02ae66e449fd -r AWSEBAutoScalingGroup --region ap-southeast-1
2025/10/20 23:52:16.236835 [INFO] Running command: /opt/aws/bin/cfn-get-metadata -s arn:aws:cloudformation:ap-southeast-1:974082559319:stack/awseb-e-2nzfb3xwfm-stack/9c272940-ae0f-11f0-8fa9-02ae66e449fd -r AWSEBBeanstalkMetadata --region ap-southeast-1
2025/10/20 23:52:16.524387 [INFO] checking whether command app-deploy is applicable to this instance...
2025/10/20 23:52:16.524399 [INFO] this command is applicable to the instance, thus instance should execute command
2025/10/20 23:52:16.524401 [INFO] Engine command: (app-deploy)

2025/10/20 23:52:16.524405 [INFO] Downloading EB Application...
2025/10/20 23:52:16.524407 [INFO] Region: ap-southeast-1
2025/10/20 23:52:16.524409 [INFO] envID: e-2nzfb3xwfm
2025/10/20 23:52:16.524415 [INFO] envBucket: elasticbeanstalk-ap-southeast-1-974082559319
2025/10/20 23:52:16.524417 [INFO] accountID: 974082559319
2025/10/20 23:52:16.524420 [INFO] Using manifest file name from command request
2025/10/20 23:52:16.524425 [INFO] Unable to get version manifest file.
2025/10/20 23:52:16.524427 [INFO] Downloading latest manifest available.
2025/10/20 23:52:16.524429 [INFO] Download latest app version manifest
2025/10/20 23:52:16.524577 [INFO] resources/environments/e-2nzfb3xwfm/_runtime/versions/manifest
2025/10/20 23:52:16.563501 [INFO] latestManifest key *: resources/environments/e-2nzfb3xwfm/_runtime/versions/manifest_1761004251144

2025/10/20 23:52:16.563720 [INFO] Downloading: bucket: elasticbeanstalk-ap-southeast-1-974082559319, object: resources/environments/e-2nzfb3xwfm/_runtime/versions/manifest_1761004251144, expected bucket owner: 974082559319
2025/10/20 23:52:16.594728 [INFO] Download successful49bytes downloaded
2025/10/20 23:52:16.594821 [INFO] Trying to read and parse version manifest...
2025/10/20 23:52:16.594843 [INFO] Downloading file with path: /opt/elasticbeanstalk/deployment/app_source_bundle
2025/10/20 23:52:16.594901 [INFO] URL: https://elasticbeanstalk-platform-assets-ap-southeast-1.s3.ap-southeast-1.amazonaws.com/stalks/eb_python313_amazon_linux_2023_1.0.1080.0_20251003150750/sampleapp/EBSampleApp-Python.zip
2025/10/20 23:52:16.619124 [INFO] Finished download file from https://elasticbeanstalk-platform-assets-ap-southeast-1.s3.ap-southeast-1.amazonaws.com/stalks/eb_python313_amazon_linux_2023_1.0.1080.0_20251003150750/sampleapp/EBSampleApp-Python.zip
2025/10/20 23:52:16.619362 [INFO] Executing instruction: ElectLeader
2025/10/20 23:52:16.619368 [INFO] Running leader election for instance i-00543c834804e9596...
2025/10/20 23:52:16.619372 [INFO] Calling the cfn-elect-cmd-leader to elect the command leader.
2025/10/20 23:52:16.619397 [INFO] Running command: /opt/aws/bin/cfn-elect-cmd-leader --stack arn:aws:cloudformation:ap-southeast-1:974082559319:stack/awseb-e-2nzfb3xwfm-stack/9c272940-ae0f-11f0-8fa9-02ae66e449fd --command-name ElasticBeanstalkCommand-AWSEBAutoScalingGroup --invocation-id bcfcd0c1-883e-4931-85a5-d161b7899a9c --listener-id i-00543c834804e9596 --region ap-southeast-1
2025/10/20 23:52:16.938728 [INFO] Instance is Leader.
2025/10/20 23:52:16.938974 [INFO] Executing instruction: stopSqsd
2025/10/20 23:52:16.938995 [INFO] This is a web server environment instance, skip stop sqsd daemon ...
2025/10/20 23:52:16.938999 [INFO] Executing instruction: PreBuildEbExtension
2025/10/20 23:52:16.939002 [INFO] Starting executing the config set Infra-EmbeddedPreBuild.
2025/10/20 23:52:16.939017 [INFO] Running command: /opt/aws/bin/cfn-init -s arn:aws:cloudformation:ap-southeast-1:974082559319:stack/awseb-e-2nzfb3xwfm-stack/9c272940-ae0f-11f0-8fa9-02ae66e449fd -r AWSEBAutoScalingGroup --region ap-southeast-1 --configsets Infra-EmbeddedPreBuild
2025/10/20 23:52:17.278774 [INFO] Finished executing the config set Infra-EmbeddedPreBuild.

2025/10/20 23:52:17.278797 [INFO] Executing instruction: StageApplication
2025/10/20 23:52:17.278801 [INFO] Recreating /var/app/staging/
2025/10/20 23:52:17.280311 [INFO] extracting /opt/elasticbeanstalk/deployment/app_source_bundle to /var/app/staging/
2025/10/20 23:52:17.280329 [INFO] Running command: /usr/bin/unzip -q -o /opt/elasticbeanstalk/deployment/app_source_bundle -d /var/app/staging/
2025/10/20 23:52:17.285180 [INFO] finished extracting /opt/elasticbeanstalk/deployment/app_source_bundle to /var/app/staging/ successfully
2025/10/20 23:52:17.285865 [INFO] Executing instruction: RunAppDeployPreBuildHooks
2025/10/20 23:52:17.285924 [INFO] Executing platform hooks in .platform/hooks/prebuild/
2025/10/20 23:52:17.285939 [INFO] The dir .platform/hooks/prebuild/ does not exist
2025/10/20 23:52:17.285942 [INFO] Finished running scripts in /var/app/staging/.platform/hooks/prebuild
2025/10/20 23:52:17.285946 [INFO] Executing instruction: InstallDependency
2025/10/20 23:52:17.285950 [INFO] checking dependencies file
2025/10/20 23:52:17.285969 [INFO] No dependency file found
2025/10/20 23:52:17.285972 [INFO] Executing instruction: check Procfile
2025/10/20 23:52:17.285985 [INFO] creating default Procfile...
2025/10/20 23:52:17.286030 [INFO] Executing instruction: configure X-Ray
2025/10/20 23:52:17.286033 [INFO] X-Ray is not enabled.
2025/10/20 23:52:17.286036 [INFO] Executing instruction: configure proxy server
2025/10/20 23:52:17.286043 [INFO] Recreating /var/proxy/staging/nginx
2025/10/20 23:52:17.300365 [INFO] Executing instruction: configure healthd specific proxy conf
2025/10/20 23:52:17.303338 [INFO] Running command: systemctl show -p PartOf healthd.service
2025/10/20 23:52:17.321773 [INFO] Running command: systemctl daemon-reload
2025/10/20 23:52:17.565770 [INFO] Running command: systemctl reset-failed
2025/10/20 23:52:17.574954 [INFO] Running command: systemctl is-enabled aws-eb.target
2025/10/20 23:52:17.582807 [INFO] Running command: systemctl enable aws-eb.target
2025/10/20 23:52:17.823272 [INFO] Running command: systemctl start aws-eb.target
2025/10/20 23:52:17.831975 [INFO] Running command: systemctl enable healthd.service
2025/10/20 23:52:18.117305 [INFO] Created symlink /etc/systemd/system/multi-user.target.wants/healthd.service → /etc/systemd/system/healthd.service.

2025/10/20 23:52:18.117341 [INFO] Running command: systemctl show -p PartOf healthd.service
2025/10/20 23:52:18.128370 [INFO] Running command: systemctl is-active healthd.service
2025/10/20 23:52:18.136061 [INFO] Running command: systemctl start healthd.service
2025/10/20 23:52:18.212838 [INFO] Copying file /opt/elasticbeanstalk/config/private/healthd/healthd_logformat.conf to /var/proxy/staging/nginx/conf.d/healthd_logformat.conf
2025/10/20 23:52:18.214163 [INFO] Copying file /opt/elasticbeanstalk/config/private/healthd/healthd_nginx.conf to /var/proxy/staging/nginx/conf.d/elasticbeanstalk/healthd.conf
2025/10/20 23:52:18.215470 [INFO] Executing instruction: configure log streaming
2025/10/20 23:52:18.215480 [INFO] log streaming is not enabled
2025/10/20 23:52:18.215483 [INFO] disable log stream
2025/10/20 23:52:18.215493 [INFO] Running command: systemctl show -p PartOf amazon-cloudwatch-agent.service
2025/10/20 23:52:18.229702 [INFO] Running command: systemctl stop amazon-cloudwatch-agent.service
2025/10/20 23:52:18.242500 [INFO] Executing instruction: GetToggleForceRotate
2025/10/20 23:52:18.242522 [INFO] Checking if logs need forced rotation
2025/10/20 23:52:18.242541 [INFO] Running command: /opt/aws/bin/cfn-get-metadata -s arn:aws:cloudformation:ap-southeast-1:974082559319:stack/awseb-e-2nzfb3xwfm-stack/9c272940-ae0f-11f0-8fa9-02ae66e449fd -r AWSEBAutoScalingGroup --region ap-southeast-1
2025/10/20 23:52:18.574666 [INFO] Running command: /opt/aws/bin/cfn-get-metadata -s arn:aws:cloudformation:ap-southeast-1:974082559319:stack/awseb-e-2nzfb3xwfm-stack/9c272940-ae0f-11f0-8fa9-02ae66e449fd -r AWSEBBeanstalkMetadata --region ap-southeast-1
2025/10/20 23:52:18.957380 [INFO] Generating rsyslog config from Procfile
2025/10/20 23:52:18.961019 [INFO] Running command: systemctl restart rsyslog.service
2025/10/20 23:52:19.384729 [INFO] Executing instruction: PostBuildEbExtension
2025/10/20 23:52:19.384754 [INFO] Starting executing the config set Infra-EmbeddedPostBuild.
2025/10/20 23:52:19.384765 [INFO] Running command: /opt/aws/bin/cfn-init -s arn:aws:cloudformation:ap-southeast-1:974082559319:stack/awseb-e-2nzfb3xwfm-stack/9c272940-ae0f-11f0-8fa9-02ae66e449fd -r AWSEBAutoScalingGroup --region ap-southeast-1 --configsets Infra-EmbeddedPostBuild
2025/10/20 23:52:19.704470 [INFO] Finished executing the config set Infra-EmbeddedPostBuild.

2025/10/20 23:52:19.704520 [INFO] Executing instruction: CleanEbExtensions
2025/10/20 23:52:19.704639 [INFO] Cleaned ebextensions subdirectories from app staging directory.
2025/10/20 23:52:19.704644 [INFO] Executing instruction: RunAppDeployPreDeployHooks
2025/10/20 23:52:19.704657 [INFO] Executing platform hooks in .platform/hooks/predeploy/
2025/10/20 23:52:19.704669 [INFO] The dir .platform/hooks/predeploy/ does not exist
2025/10/20 23:52:19.704678 [INFO] Finished running scripts in /var/app/staging/.platform/hooks/predeploy
2025/10/20 23:52:19.704682 [INFO] Executing instruction: stop X-Ray
2025/10/20 23:52:19.704684 [INFO] stop X-Ray ...
2025/10/20 23:52:19.704694 [INFO] Running command: systemctl show -p PartOf xray.service
2025/10/20 23:52:19.717319 [WARN] stopProcess Warning: process xray is not registered 
2025/10/20 23:52:19.717348 [INFO] Running command: systemctl stop xray.service
2025/10/20 23:52:19.729989 [INFO] Executing instruction: stop proxy
2025/10/20 23:52:19.730018 [INFO] Running command: systemctl show -p PartOf httpd.service
2025/10/20 23:52:19.744344 [WARN] deregisterProcess Warning: process httpd is not registered, skipping...

2025/10/20 23:52:19.744372 [INFO] Running command: systemctl show -p PartOf nginx.service
2025/10/20 23:52:19.757213 [WARN] deregisterProcess Warning: process nginx is not registered, skipping...

2025/10/20 23:52:19.757236 [INFO] Executing instruction: FlipApplication
2025/10/20 23:52:19.757239 [INFO] Fetching environment variables...
2025/10/20 23:52:19.757572 [INFO] Purge old process...
2025/10/20 23:52:19.757591 [INFO] Removing /var/app/current/ if it exists
2025/10/20 23:52:19.757600 [INFO] Renaming /var/app/staging/ to /var/app/current/
2025/10/20 23:52:19.757616 [INFO] Register application processes...
2025/10/20 23:52:19.757619 [INFO] Registering the proc: web

2025/10/20 23:52:19.757629 [INFO] Running command: systemctl show -p PartOf web.service
2025/10/20 23:52:19.769007 [INFO] Running command: systemctl daemon-reload
2025/10/20 23:52:19.976396 [INFO] Running command: systemctl reset-failed
2025/10/20 23:52:19.984907 [INFO] Running command: systemctl is-enabled eb-app.target
2025/10/20 23:52:19.992499 [INFO] Copying file /opt/elasticbeanstalk/config/private/aws-eb.target to /etc/systemd/system/eb-app.target
2025/10/20 23:52:19.993956 [INFO] Running command: systemctl enable eb-app.target
2025/10/20 23:52:20.243018 [INFO] Created symlink /etc/systemd/system/multi-user.target.wants/eb-app.target → /etc/systemd/system/eb-app.target.

2025/10/20 23:52:20.243064 [INFO] Running command: systemctl start eb-app.target
2025/10/20 23:52:20.251985 [INFO] Running command: systemctl enable web.service
2025/10/20 23:52:20.511376 [INFO] Created symlink /etc/systemd/system/multi-user.target.wants/web.service → /etc/systemd/system/web.service.

2025/10/20 23:52:20.511431 [INFO] Running command: systemctl show -p PartOf web.service
2025/10/20 23:52:20.522313 [INFO] Running command: systemctl is-active web.service
2025/10/20 23:52:20.530062 [INFO] Running command: systemctl start web.service
2025/10/20 23:52:20.592543 [INFO] Executing instruction: start X-Ray
2025/10/20 23:52:20.592634 [INFO] X-Ray is not enabled.
2025/10/20 23:52:20.592639 [INFO] Executing instruction: start proxy with new configuration
2025/10/20 23:52:20.592665 [INFO] Running command: /usr/sbin/nginx -t -c /var/proxy/staging/nginx/nginx.conf
2025/10/20 23:52:20.649788 [INFO] nginx: [warn] could not build optimal types_hash, you should increase either types_hash_max_size: 1024 or types_hash_bucket_size: 64; ignoring types_hash_bucket_size
nginx: the configuration file /var/proxy/staging/nginx/nginx.conf syntax is ok
nginx: configuration file /var/proxy/staging/nginx/nginx.conf test is successful

2025/10/20 23:52:20.649906 [INFO] Running command: cp -rp /var/proxy/staging/nginx/* /etc/nginx
2025/10/20 23:52:20.655138 [INFO] Running command: systemctl show -p PartOf nginx.service
2025/10/20 23:52:20.672817 [INFO] Running command: systemctl daemon-reload
2025/10/20 23:52:20.964255 [INFO] Running command: systemctl reset-failed
2025/10/20 23:52:20.974625 [INFO] Running command: systemctl show -p PartOf nginx.service
2025/10/20 23:52:20.991476 [INFO] Running command: systemctl is-active nginx.service
2025/10/20 23:52:21.004706 [INFO] Running command: systemctl start nginx.service
2025/10/20 23:52:21.108395 [INFO] Executing instruction: configureSqsd
2025/10/20 23:52:21.108413 [INFO] This is a web server environment instance, skip configure sqsd daemon ...
2025/10/20 23:52:21.108426 [INFO] Executing instruction: startSqsd
2025/10/20 23:52:21.108429 [INFO] This is a web server environment instance, skip start sqsd daemon ...
2025/10/20 23:52:21.108432 [INFO] Executing instruction: Track pids in healthd
2025/10/20 23:52:21.108436 [INFO] This is an enhanced health env...
2025/10/20 23:52:21.108454 [INFO] Running command: systemctl show -p ConsistsOf aws-eb.target | cut -d= -f2
2025/10/20 23:52:21.119367 [INFO] nginx.service cfn-hup.service healthd.service

2025/10/20 23:52:21.119394 [INFO] Running command: systemctl show -p ConsistsOf eb-app.target | cut -d= -f2
2025/10/20 23:52:21.129725 [INFO] web.service

2025/10/20 23:52:21.130005 [INFO] Executing instruction: RunAppDeployPostDeployHooks
2025/10/20 23:52:21.130021 [INFO] Executing platform hooks in .platform/hooks/postdeploy/
2025/10/20 23:52:21.130033 [INFO] The dir .platform/hooks/postdeploy/ does not exist
2025/10/20 23:52:21.130036 [INFO] Finished running scripts in /var/app/current/.platform/hooks/postdeploy
2025/10/20 23:52:21.130040 [INFO] Executing cleanup logic
2025/10/20 23:52:21.130110 [INFO] CommandService Response: {"status":"SUCCESS","api_version":"1.0","results":[{"status":"SUCCESS","msg":"Engine execution has succeeded.","returncode":0,"events":[{"msg":"Instance deployment successfully generated a 'Procfile'.","timestamp":1761004337286,"severity":"INFO"},{"msg":"Instance deployment completed successfully.","timestamp":1761004341130,"severity":"INFO"}]}]}

2025/10/20 23:52:21.130262 [INFO] Platform Engine finished execution on command: app-deploy

2025/10/21 11:00:04.444914 [INFO] Starting...
2025/10/21 11:00:04.444975 [INFO] Starting EBPlatform-PlatformEngine
2025/10/21 11:00:04.444999 [INFO] reading event message file
2025/10/21 11:00:04.446987 [INFO] Engine received EB command cfn-hup-exec

2025/10/21 11:00:04.583496 [INFO] Running command: /opt/aws/bin/cfn-get-metadata -s arn:aws:cloudformation:ap-southeast-1:974082559319:stack/awseb-e-2nzfb3xwfm-stack/9c272940-ae0f-11f0-8fa9-02ae66e449fd -r AWSEBAutoScalingGroup --region ap-southeast-1
2025/10/21 11:00:05.243926 [INFO] Running command: /opt/aws/bin/cfn-get-metadata -s arn:aws:cloudformation:ap-southeast-1:974082559319:stack/awseb-e-2nzfb3xwfm-stack/9c272940-ae0f-11f0-8fa9-02ae66e449fd -r AWSEBBeanstalkMetadata --region ap-southeast-1
2025/10/21 11:00:05.843779 [INFO] checking whether command app-deploy is applicable to this instance...
2025/10/21 11:00:05.843797 [INFO] this command is applicable to the instance, thus instance should execute command
2025/10/21 11:00:05.843801 [INFO] Engine command: (app-deploy)

2025/10/21 11:00:05.843806 [INFO] Downloading EB Application...
2025/10/21 11:00:05.843808 [INFO] Region: ap-southeast-1
2025/10/21 11:00:05.843810 [INFO] envID: e-2nzfb3xwfm
2025/10/21 11:00:05.843812 [INFO] envBucket: elasticbeanstalk-ap-southeast-1-974082559319
2025/10/21 11:00:05.843815 [INFO] accountID: 974082559319
2025/10/21 11:00:05.843817 [INFO] Using manifest file name from command request
2025/10/21 11:00:05.843823 [INFO] Manifest name is : manifest_1761044381761
2025/10/21 11:00:05.843825 [INFO] Download app version manifest
2025/10/21 11:00:05.844012 [INFO] Downloading: bucket: elasticbeanstalk-ap-southeast-1-974082559319, object: resources/environments/e-2nzfb3xwfm/_runtime/versions/manifest_1761044381761, expected bucket owner: 974082559319
2025/10/21 11:00:05.881178 [INFO] Download successful148bytes downloaded
2025/10/21 11:00:05.881566 [INFO] Trying to read and parse version manifest...
2025/10/21 11:00:05.881717 [INFO] Downloading: bucket: elasticbeanstalk-ap-southeast-1-974082559319, object: resources/environments/e-2nzfb3xwfm/_runtime/_versions/jeceProject/code-pipeline-1761044374976-575680a8c949058adb6c5d5467b734606fe65538, expected bucket owner: 974082559319
2025/10/21 11:00:05.914685 [INFO] Download successful47939bytes downloaded
2025/10/21 11:00:05.918918 [INFO] Executing instruction: ElectLeader
2025/10/21 11:00:05.920970 [INFO] Running leader election for instance i-00543c834804e9596...
2025/10/21 11:00:05.921155 [INFO] Calling the cfn-elect-cmd-leader to elect the command leader.
2025/10/21 11:00:05.921249 [INFO] Running command: /opt/aws/bin/cfn-elect-cmd-leader --stack arn:aws:cloudformation:ap-southeast-1:974082559319:stack/awseb-e-2nzfb3xwfm-stack/9c272940-ae0f-11f0-8fa9-02ae66e449fd --command-name ElasticBeanstalkCommand-AWSEBAutoScalingGroup --invocation-id d2cc0b24-b0bc-4ab0-98dc-4409a32db1a1 --listener-id i-00543c834804e9596 --region ap-southeast-1
2025/10/21 11:00:06.793920 [INFO] Instance is Leader.
2025/10/21 11:00:06.794223 [INFO] Executing instruction: stopSqsd
2025/10/21 11:00:06.794236 [INFO] This is a web server environment instance, skip stop sqsd daemon ...
2025/10/21 11:00:06.794241 [INFO] Executing instruction: PreBuildEbExtension
2025/10/21 11:00:06.794244 [INFO] Starting executing the config set Infra-EmbeddedPreBuild.
2025/10/21 11:00:06.794266 [INFO] Running command: /opt/aws/bin/cfn-init -s arn:aws:cloudformation:ap-southeast-1:974082559319:stack/awseb-e-2nzfb3xwfm-stack/9c272940-ae0f-11f0-8fa9-02ae66e449fd -r AWSEBAutoScalingGroup --region ap-southeast-1 --configsets Infra-EmbeddedPreBuild
2025/10/21 11:00:07.555600 [INFO] Finished executing the config set Infra-EmbeddedPreBuild.

2025/10/21 11:00:07.555625 [INFO] Executing instruction: StageApplication
2025/10/21 11:00:07.555628 [INFO] Recreating /var/app/staging/
2025/10/21 11:00:07.555831 [INFO] extracting /opt/elasticbeanstalk/deployment/app_source_bundle to /var/app/staging/
2025/10/21 11:00:07.555853 [INFO] Running command: /usr/bin/unzip -q -o /opt/elasticbeanstalk/deployment/app_source_bundle -d /var/app/staging/
2025/10/21 11:00:07.568658 [INFO] finished extracting /opt/elasticbeanstalk/deployment/app_source_bundle to /var/app/staging/ successfully
2025/10/21 11:00:07.570110 [INFO] Executing instruction: RunAppDeployPreBuildHooks
2025/10/21 11:00:07.570135 [INFO] Executing platform hooks in .platform/hooks/prebuild/
2025/10/21 11:00:07.570152 [INFO] The dir .platform/hooks/prebuild/ does not exist
2025/10/21 11:00:07.570155 [INFO] Finished running scripts in /var/app/staging/.platform/hooks/prebuild
2025/10/21 11:00:07.570162 [INFO] Executing instruction: InstallDependency
2025/10/21 11:00:07.570168 [INFO] checking dependencies file
2025/10/21 11:00:07.570184 [INFO] Installing dependencies with requirements.txt by using Pip
2025/10/21 11:00:07.570193 [INFO] Running command: /var/app/venv/staging-LQM1lest/bin/pip install -r requirements.txt
2025/10/21 11:00:19.704945 [INFO] Collecting aiodns==3.4.0 (from -r requirements.txt (line 1))
  Downloading aiodns-3.4.0-py3-none-any.whl.metadata (4.7 kB)
Collecting aiohappyeyeballs==2.6.1 (from -r requirements.txt (line 2))
  Downloading aiohappyeyeballs-2.6.1-py3-none-any.whl.metadata (5.9 kB)
Collecting aiohttp==3.12.0 (from -r requirements.txt (line 3))
  Downloading aiohttp-3.12.0-cp313-cp313-manylinux_2_17_x86_64.manylinux2014_x86_64.whl.metadata (7.6 kB)
Collecting aiosignal==1.3.2 (from -r requirements.txt (line 4))
  Downloading aiosignal-1.3.2-py2.py3-none-any.whl.metadata (3.8 kB)
Collecting annotated-types==0.7.0 (from -r requirements.txt (line 5))
  Downloading annotated_types-0.7.0-py3-none-any.whl.metadata (15 kB)
Collecting ansicon==1.89.0 (from -r requirements.txt (line 6))
  Downloading ansicon-1.89.0-py2.py3-none-any.whl.metadata (2.8 kB)
Collecting anyio==4.9.0 (from -r requirements.txt (line 7))
  Downloading anyio-4.9.0-py3-none-any.whl.metadata (4.7 kB)
Collecting asgiref==3.9.2 (from -r requirements.txt (line 8))
  Downloading asgiref-3.9.2-py3-none-any.whl.metadata (9.3 kB)
Collecting astroid==3.3.11 (from -r requirements.txt (line 9))
  Downloading astroid-3.3.11-py3-none-any.whl.metadata (4.4 kB)
Collecting asyncio==3.4.3 (from -r requirements.txt (line 10))
  Downloading asyncio-3.4.3-py3-none-any.whl.metadata (1.7 kB)
Collecting attrs==25.3.0 (from -r requirements.txt (line 11))
  Downloading attrs-25.3.0-py3-none-any.whl.metadata (10 kB)
Collecting awsebcli==3.25.1 (from -r requirements.txt (line 12))
  Downloading awsebcli-3.25.1.tar.gz (323 kB)
  Installing build dependencies: started
  Installing build dependencies: finished with status 'done'
  Getting requirements to build wheel: started
  Getting requirements to build wheel: finished with status 'done'
  Preparing metadata (pyproject.toml): started
  Preparing metadata (pyproject.toml): finished with status 'done'
Collecting bcrypt==5.0.0 (from -r requirements.txt (line 13))
  Downloading bcrypt-5.0.0-cp39-abi3-manylinux_2_34_x86_64.whl.metadata (10 kB)
Collecting black==25.1.0 (from -r requirements.txt (line 14))
  Downloading black-25.1.0-cp313-cp313-manylinux_2_17_x86_64.manylinux2014_x86_64.manylinux_2_28_x86_64.whl.metadata (81 kB)
Collecting blessed==1.22.0 (from -r requirements.txt (line 15))
  Downloading blessed-1.22.0-py2.py3-none-any.whl.metadata (13 kB)
Collecting blinker==1.9.0 (from -r requirements.txt (line 16))
  Downloading blinker-1.9.0-py3-none-any.whl.metadata (1.6 kB)
Collecting boto3==1.40.10 (from -r requirements.txt (line 17))
  Downloading boto3-1.40.10-py3-none-any.whl.metadata (6.7 kB)
Collecting botocore==1.40.10 (from -r requirements.txt (line 18))
  Downloading botocore-1.40.10-py3-none-any.whl.metadata (5.7 kB)
Collecting ccxt==4.4.85 (from -r requirements.txt (line 19))
  Downloading ccxt-4.4.85-py2.py3-none-any.whl.metadata (127 kB)
Collecting cement==2.10.14 (from -r requirements.txt (line 20))
  Downloading cement-2.10.14-py3-none-any.whl.metadata (3.5 kB)
Collecting certifi==2025.8.3 (from -r requirements.txt (line 21))
  Downloading certifi-2025.8.3-py3-none-any.whl.metadata (2.4 kB)
Collecting cffi==1.17.1 (from -r requirements.txt (line 22))
  Downloading cffi-1.17.1-cp313-cp313-manylinux_2_17_x86_64.manylinux2014_x86_64.whl.metadata (1.5 kB)
Collecting charset-normalizer==3.4.3 (from -r requirements.txt (line 23))
  Downloading charset_normalizer-3.4.3-cp313-cp313-manylinux2014_x86_64.manylinux_2_17_x86_64.manylinux_2_28_x86_64.whl.metadata (36 kB)
Collecting click==8.2.1 (from -r requirements.txt (line 24))
  Downloading click-8.2.1-py3-none-any.whl.metadata (2.5 kB)
Collecting clr_loader==0.2.8 (from -r requirements.txt (line 25))
  Downloading clr_loader-0.2.8-py3-none-any.whl.metadata (1.5 kB)
Collecting colorama==0.4.6 (from -r requirements.txt (line 26))
  Downloading colorama-0.4.6-py2.py3-none-any.whl.metadata (17 kB)
Collecting cryptography==45.0.3 (from -r requirements.txt (line 27))
  Downloading cryptography-45.0.3-cp311-abi3-manylinux_2_34_x86_64.whl.metadata (5.7 kB)
Collecting dateparser==1.2.1 (from -r requirements.txt (line 28))
  Downloading dateparser-1.2.1-py3-none-any.whl.metadata (29 kB)
Collecting decorator==5.2.1 (from -r requirements.txt (line 29))
  Downloading decorator-5.2.1-py3-none-any.whl.metadata (3.9 kB)
Collecting Deprecated==1.2.18 (from -r requirements.txt (line 30))
  Downloading Deprecated-1.2.18-py2.py3-none-any.whl.metadata (5.7 kB)
Collecting dill==0.4.0 (from -r requirements.txt (line 31))
  Downloading dill-0.4.0-py3-none-any.whl.metadata (10 kB)
Collecting dj-database-url==3.0.1 (from -r requirements.txt (line 32))
  Downloading dj_database_url-3.0.1-py3-none-any.whl.metadata (14 kB)
Collecting Django==5.2.6 (from -r requirements.txt (line 33))
  Downloading django-5.2.6-py3-none-any.whl.metadata (4.1 kB)
Collecting django-cors-headers==4.7.0 (from -r requirements.txt (line 34))
  Downloading django_cors_headers-4.7.0-py3-none-any.whl.metadata (16 kB)
Collecting django-filter==25.2 (from -r requirements.txt (line 35))
  Downloading django_filter-25.2-py3-none-any.whl.metadata (5.1 kB)
Collecting django-graphql-jwt==0.4.0 (from -r requirements.txt (line 36))
  Downloading django_graphql_jwt-0.4.0-py3-none-any.whl.metadata (4.8 kB)
Collecting django-storages==1.14.6 (from -r requirements.txt (line 37))
  Downloading django_storages-1.14.6-py3-none-any.whl.metadata (4.7 kB)
Collecting django-stubs==5.2.7 (from -r requirements.txt (line 38))
  Downloading django_stubs-5.2.7-py3-none-any.whl.metadata (20 kB)
Collecting django-stubs-ext==5.2.7 (from -r requirements.txt (line 39))
  Downloading django_stubs_ext-5.2.7-py3-none-any.whl.metadata (3.6 kB)
Collecting djangorestframework==3.16.1 (from -r requirements.txt (line 40))
  Downloading djangorestframework-3.16.1-py3-none-any.whl.metadata (11 kB)
Collecting djangorestframework_simplejwt==5.5.1 (from -r requirements.txt (line 41))
  Downloading djangorestframework_simplejwt-5.5.1-py3-none-any.whl.metadata (4.6 kB)
Collecting dotenv==0.9.9 (from -r requirements.txt (line 42))
  Downloading dotenv-0.9.9-py2.py3-none-any.whl.metadata (279 bytes)
Collecting fabric==3.2.2 (from -r requirements.txt (line 43))
  Downloading fabric-3.2.2-py3-none-any.whl.metadata (3.5 kB)
Collecting filelock==3.18.0 (from -r requirements.txt (line 44))
  Downloading filelock-3.18.0-py3-none-any.whl.metadata (2.9 kB)
Collecting Flask==3.1.1 (from -r requirements.txt (line 45))
  Downloading flask-3.1.1-py3-none-any.whl.metadata (3.0 kB)
Collecting frozenlist==1.6.0 (from -r requirements.txt (line 46))
  Downloading frozenlist-1.6.0-cp313-cp313-manylinux_2_5_x86_64.manylinux1_x86_64.manylinux_2_17_x86_64.manylinux2014_x86_64.whl.metadata (16 kB)
Collecting fsspec==2025.5.1 (from -r requirements.txt (line 47))
  Downloading fsspec-2025.5.1-py3-none-any.whl.metadata (11 kB)
Collecting graphene==3.4.3 (from -r requirements.txt (line 48))
  Downloading graphene-3.4.3-py2.py3-none-any.whl.metadata (6.9 kB)
Collecting graphene-django==3.2.3 (from -r requirements.txt (line 49))
  Downloading graphene_django-3.2.3-py2.py3-none-any.whl.metadata (8.2 kB)
Collecting graphql-core==3.2.6 (from -r requirements.txt (line 50))
  Downloading graphql_core-3.2.6-py3-none-any.whl.metadata (11 kB)
Collecting graphql-relay==3.2.0 (from -r requirements.txt (line 51))
  Downloading graphql_relay-3.2.0-py3-none-any.whl.metadata (12 kB)
Requirement already satisfied: gunicorn==23.0.0 in /var/app/venv/staging-LQM1lest/lib64/python3.13/site-packages (from -r requirements.txt (line 52)) (23.0.0)
Collecting h11==0.16.0 (from -r requirements.txt (line 53))
  Downloading h11-0.16.0-py3-none-any.whl.metadata (8.3 kB)
Collecting httpcore==1.0.9 (from -r requirements.txt (line 54))
  Downloading httpcore-1.0.9-py3-none-any.whl.metadata (21 kB)
Collecting httpx==0.28.1 (from -r requirements.txt (line 55))
  Downloading httpx-0.28.1-py3-none-any.whl.metadata (7.1 kB)
Collecting idna==3.10 (from -r requirements.txt (line 56))
  Downloading idna-3.10-py3-none-any.whl.metadata (10 kB)
Collecting iniconfig==2.1.0 (from -r requirements.txt (line 57))
  Downloading iniconfig-2.1.0-py3-none-any.whl.metadata (2.7 kB)
Collecting invoke==2.2.1 (from -r requirements.txt (line 58))
  Downloading invoke-2.2.1-py3-none-any.whl.metadata (3.3 kB)
Collecting isort==6.0.1 (from -r requirements.txt (line 59))
  Downloading isort-6.0.1-py3-none-any.whl.metadata (11 kB)
Collecting itsdangerous==2.2.0 (from -r requirements.txt (line 60))
  Downloading itsdangerous-2.2.0-py3-none-any.whl.metadata (1.9 kB)
Collecting Jinja2==3.1.6 (from -r requirements.txt (line 61))
  Downloading jinja2-3.1.6-py3-none-any.whl.metadata (2.9 kB)
Collecting jinxed==1.3.0 (from -r requirements.txt (line 62))
  Downloading jinxed-1.3.0-py2.py3-none-any.whl.metadata (4.7 kB)
Collecting jmespath==1.0.1 (from -r requirements.txt (line 63))
  Downloading jmespath-1.0.1-py3-none-any.whl.metadata (7.6 kB)
Collecting JSON-log-formatter==1.1.1 (from -r requirements.txt (line 64))
  Downloading json_log_formatter-1.1.1.tar.gz (5.9 kB)
  Installing build dependencies: started
  Installing build dependencies: finished with status 'done'
  Getting requirements to build wheel: started
  Getting requirements to build wheel: finished with status 'done'
  Preparing metadata (pyproject.toml): started
  Preparing metadata (pyproject.toml): finished with status 'done'
Collecting loguru==0.7.3 (from -r requirements.txt (line 65))
  Downloading loguru-0.7.3-py3-none-any.whl.metadata (22 kB)
Collecting MarkupSafe==3.0.2 (from -r requirements.txt (line 66))
  Downloading MarkupSafe-3.0.2-cp313-cp313-manylinux_2_17_x86_64.manylinux2014_x86_64.whl.metadata (4.0 kB)
Collecting mccabe==0.7.0 (from -r requirements.txt (line 67))
  Downloading mccabe-0.7.0-py2.py3-none-any.whl.metadata (5.0 kB)
Collecting mpmath==1.3.0 (from -r requirements.txt (line 68))
  Downloading mpmath-1.3.0-py3-none-any.whl.metadata (8.6 kB)
Collecting multidict==6.4.4 (from -r requirements.txt (line 69))
  Downloading multidict-6.4.4-cp313-cp313-manylinux_2_17_x86_64.manylinux2014_x86_64.whl.metadata (5.3 kB)
Collecting mypy==1.17.1 (from -r requirements.txt (line 70))
  Downloading mypy-1.17.1-cp313-cp313-manylinux2014_x86_64.manylinux_2_17_x86_64.manylinux_2_28_x86_64.whl.metadata (2.2 kB)
Collecting mypy_extensions==1.1.0 (from -r requirements.txt (line 71))
  Downloading mypy_extensions-1.1.0-py3-none-any.whl.metadata (1.1 kB)
Collecting networkx==3.5 (from -r requirements.txt (line 72))
  Downloading networkx-3.5-py3-none-any.whl.metadata (6.3 kB)
Collecting numpy==2.2.6 (from -r requirements.txt (line 73))
  Downloading numpy-2.2.6-cp313-cp313-manylinux_2_17_x86_64.manylinux2014_x86_64.whl.metadata (62 kB)
Collecting packaging==24.2 (from -r requirements.txt (line 74))
  Downloading packaging-24.2-py3-none-any.whl.metadata (3.2 kB)
Collecting pandas==2.2.3 (from -r requirements.txt (line 75))
  Downloading pandas-2.2.3-cp313-cp313-manylinux_2_17_x86_64.manylinux2014_x86_64.whl.metadata (89 kB)

2025/10/21 11:00:19.704983 [INFO] ERROR: Ignored the following versions that require a different python version: 1.21.2 Requires-Python >=3.7,<3.11; 1.21.3 Requires-Python >=3.7,<3.11; 1.21.4 Requires-Python >=3.7,<3.11; 1.21.5 Requires-Python >=3.7,<3.11; 1.21.6 Requires-Python >=3.7,<3.11; 1.26.0 Requires-Python >=3.9,<3.13; 1.26.1 Requires-Python >=3.9,<3.13; 4.4.0 Requires-Python >=3.6,<3.9
ERROR: Could not find a version that satisfies the requirement pandas_ta==0.3.14b0 (from versions: 0.4.67b0, 0.4.71b0)
ERROR: No matching distribution found for pandas_ta==0.3.14b0

2025/10/21 11:00:19.704997 [ERROR] An error occurred during execution of command [app-deploy] - [InstallDependency]. Stop running the command. Error: fail to install dependencies with requirements.txt file with error Command /var/app/venv/staging-LQM1lest/bin/pip install -r requirements.txt failed with error exit status 1. Stderr:ERROR: Ignored the following versions that require a different python version: 1.21.2 Requires-Python >=3.7,<3.11; 1.21.3 Requires-Python >=3.7,<3.11; 1.21.4 Requires-Python >=3.7,<3.11; 1.21.5 Requires-Python >=3.7,<3.11; 1.21.6 Requires-Python >=3.7,<3.11; 1.26.0 Requires-Python >=3.9,<3.13; 1.26.1 Requires-Python >=3.9,<3.13; 4.4.0 Requires-Python >=3.6,<3.9
ERROR: Could not find a version that satisfies the requirement pandas_ta==0.3.14b0 (from versions: 0.4.67b0, 0.4.71b0)
ERROR: No matching distribution found for pandas_ta==0.3.14b0
 

2025/10/21 11:00:19.705001 [INFO] Executing cleanup logic
2025/10/21 11:00:19.705093 [INFO] CommandService Response: {"status":"FAILURE","api_version":"1.0","results":[{"status":"FAILURE","msg":"Engine execution has encountered an error.","returncode":1,"events":[{"msg":"Instance deployment failed to install application dependencies. The deployment failed.","timestamp":1761044419704,"severity":"ERROR"},{"msg":"Instance deployment failed. For details, see 'eb-engine.log'.","timestamp":1761044419705,"severity":"ERROR"}]}]}

2025/10/21 11:00:19.706309 [INFO] Platform Engine finished execution on command: app-deploy

2025/10/21 11:33:41.075123 [INFO] Starting...
2025/10/21 11:33:41.075171 [INFO] Starting EBPlatform-PlatformEngine
2025/10/21 11:33:41.075193 [INFO] reading event message file
2025/10/21 11:33:41.075507 [INFO] Engine received EB command cfn-hup-exec

2025/10/21 11:33:41.135327 [INFO] Running command: /opt/aws/bin/cfn-get-metadata -s arn:aws:cloudformation:ap-southeast-1:974082559319:stack/awseb-e-2nzfb3xwfm-stack/9c272940-ae0f-11f0-8fa9-02ae66e449fd -r AWSEBAutoScalingGroup --region ap-southeast-1
2025/10/21 11:33:41.426497 [INFO] Running command: /opt/aws/bin/cfn-get-metadata -s arn:aws:cloudformation:ap-southeast-1:974082559319:stack/awseb-e-2nzfb3xwfm-stack/9c272940-ae0f-11f0-8fa9-02ae66e449fd -r AWSEBBeanstalkMetadata --region ap-southeast-1
2025/10/21 11:33:41.717950 [INFO] checking whether command config-deploy is applicable to this instance...
2025/10/21 11:33:41.717962 [INFO] this command is applicable to the instance, thus instance should execute command
2025/10/21 11:33:41.717964 [INFO] Engine command: (config-deploy)

2025/10/21 11:33:41.717968 [INFO] Using manifest file name from command request
2025/10/21 11:33:41.717974 [INFO] Unable to get version manifest file.
2025/10/21 11:33:41.717982 [INFO] Downloading latest manifest available.
2025/10/21 11:33:41.717985 [INFO] Download latest app version manifest
2025/10/21 11:33:41.718308 [INFO] resources/environments/e-2nzfb3xwfm/_runtime/versions/manifest
2025/10/21 11:33:41.760070 [INFO] latestManifest key *: resources/environments/e-2nzfb3xwfm/_runtime/versions/manifest_1761046400192

2025/10/21 11:33:41.760296 [INFO] Downloading: bucket: elasticbeanstalk-ap-southeast-1-974082559319, object: resources/environments/e-2nzfb3xwfm/_runtime/versions/manifest_1761046400192, expected bucket owner: 974082559319
2025/10/21 11:33:41.811345 [INFO] Download successful49bytes downloaded
2025/10/21 11:33:41.811466 [INFO] Trying to read and parse version manifest...
2025/10/21 11:33:41.811609 [INFO] Executing instruction: stopSqsd
2025/10/21 11:33:41.811613 [INFO] This is a web server environment instance, skip stop sqsd daemon ...
2025/10/21 11:33:41.811615 [INFO] Executing instruction: StageApplication
2025/10/21 11:33:41.811617 [INFO] Recreating /var/app/staging/
2025/10/21 11:33:41.812744 [INFO] extracting /opt/elasticbeanstalk/deployment/app_source_bundle to /var/app/staging/
2025/10/21 11:33:41.812760 [INFO] Running command: /usr/bin/unzip -q -o /opt/elasticbeanstalk/deployment/app_source_bundle -d /var/app/staging/
2025/10/21 11:33:41.819410 [INFO] finished extracting /opt/elasticbeanstalk/deployment/app_source_bundle to /var/app/staging/ successfully
2025/10/21 11:33:41.820345 [INFO] Executing instruction: RunConfigDeployPreBuildHooks
2025/10/21 11:33:41.820367 [INFO] Executing platform hooks in .platform/confighooks/prebuild/
2025/10/21 11:33:41.820382 [INFO] The dir .platform/confighooks/prebuild/ does not exist
2025/10/21 11:33:41.820385 [INFO] Finished running scripts in /var/app/staging/.platform/confighooks/prebuild
2025/10/21 11:33:41.820389 [INFO] Executing instruction: InstallDependency
2025/10/21 11:33:41.820393 [INFO] checking dependencies file
2025/10/21 11:33:41.820404 [INFO] Installing dependencies with requirements.txt by using Pip
2025/10/21 11:33:41.820412 [INFO] Running command: /var/app/venv/staging-LQM1lest/bin/pip install -r requirements.txt
2025/10/21 11:33:50.920404 [INFO] Collecting aiodns==3.4.0 (from -r requirements.txt (line 1))
  Using cached aiodns-3.4.0-py3-none-any.whl.metadata (4.7 kB)
Collecting aiohappyeyeballs==2.6.1 (from -r requirements.txt (line 2))
  Using cached aiohappyeyeballs-2.6.1-py3-none-any.whl.metadata (5.9 kB)
Collecting aiohttp==3.12.0 (from -r requirements.txt (line 3))
  Using cached aiohttp-3.12.0-cp313-cp313-manylinux_2_17_x86_64.manylinux2014_x86_64.whl.metadata (7.6 kB)
Collecting aiosignal==1.3.2 (from -r requirements.txt (line 4))
  Using cached aiosignal-1.3.2-py2.py3-none-any.whl.metadata (3.8 kB)
Collecting annotated-types==0.7.0 (from -r requirements.txt (line 5))
  Using cached annotated_types-0.7.0-py3-none-any.whl.metadata (15 kB)
Collecting ansicon==1.89.0 (from -r requirements.txt (line 6))
  Using cached ansicon-1.89.0-py2.py3-none-any.whl.metadata (2.8 kB)
Collecting anyio==4.9.0 (from -r requirements.txt (line 7))
  Using cached anyio-4.9.0-py3-none-any.whl.metadata (4.7 kB)
Collecting asgiref==3.9.2 (from -r requirements.txt (line 8))
  Using cached asgiref-3.9.2-py3-none-any.whl.metadata (9.3 kB)
Collecting astroid==3.3.11 (from -r requirements.txt (line 9))
  Using cached astroid-3.3.11-py3-none-any.whl.metadata (4.4 kB)
Collecting asyncio==3.4.3 (from -r requirements.txt (line 10))
  Using cached asyncio-3.4.3-py3-none-any.whl.metadata (1.7 kB)
Collecting attrs==25.3.0 (from -r requirements.txt (line 11))
  Using cached attrs-25.3.0-py3-none-any.whl.metadata (10 kB)
Collecting awsebcli==3.25.1 (from -r requirements.txt (line 12))
  Using cached awsebcli-3.25.1.tar.gz (323 kB)
  Installing build dependencies: started
  Installing build dependencies: finished with status 'done'
  Getting requirements to build wheel: started
  Getting requirements to build wheel: finished with status 'done'
  Preparing metadata (pyproject.toml): started
  Preparing metadata (pyproject.toml): finished with status 'done'
Collecting bcrypt==5.0.0 (from -r requirements.txt (line 13))
  Using cached bcrypt-5.0.0-cp39-abi3-manylinux_2_34_x86_64.whl.metadata (10 kB)
Collecting black==25.1.0 (from -r requirements.txt (line 14))
  Using cached black-25.1.0-cp313-cp313-manylinux_2_17_x86_64.manylinux2014_x86_64.manylinux_2_28_x86_64.whl.metadata (81 kB)
Collecting blessed==1.22.0 (from -r requirements.txt (line 15))
  Using cached blessed-1.22.0-py2.py3-none-any.whl.metadata (13 kB)
Collecting blinker==1.9.0 (from -r requirements.txt (line 16))
  Using cached blinker-1.9.0-py3-none-any.whl.metadata (1.6 kB)
Collecting boto3==1.40.10 (from -r requirements.txt (line 17))
  Using cached boto3-1.40.10-py3-none-any.whl.metadata (6.7 kB)
Collecting botocore==1.40.10 (from -r requirements.txt (line 18))
  Using cached botocore-1.40.10-py3-none-any.whl.metadata (5.7 kB)
Collecting ccxt==4.4.85 (from -r requirements.txt (line 19))
  Using cached ccxt-4.4.85-py2.py3-none-any.whl.metadata (127 kB)
Collecting cement==2.10.14 (from -r requirements.txt (line 20))
  Using cached cement-2.10.14-py3-none-any.whl.metadata (3.5 kB)
Collecting certifi==2025.8.3 (from -r requirements.txt (line 21))
  Using cached certifi-2025.8.3-py3-none-any.whl.metadata (2.4 kB)
Collecting cffi==1.17.1 (from -r requirements.txt (line 22))
  Using cached cffi-1.17.1-cp313-cp313-manylinux_2_17_x86_64.manylinux2014_x86_64.whl.metadata (1.5 kB)
Collecting charset-normalizer==3.4.3 (from -r requirements.txt (line 23))
  Using cached charset_normalizer-3.4.3-cp313-cp313-manylinux2014_x86_64.manylinux_2_17_x86_64.manylinux_2_28_x86_64.whl.metadata (36 kB)
Collecting click==8.2.1 (from -r requirements.txt (line 24))
  Using cached click-8.2.1-py3-none-any.whl.metadata (2.5 kB)
Collecting clr_loader==0.2.8 (from -r requirements.txt (line 25))
  Using cached clr_loader-0.2.8-py3-none-any.whl.metadata (1.5 kB)
Collecting colorama==0.4.6 (from -r requirements.txt (line 26))
  Using cached colorama-0.4.6-py2.py3-none-any.whl.metadata (17 kB)
Collecting cryptography==45.0.3 (from -r requirements.txt (line 27))
  Using cached cryptography-45.0.3-cp311-abi3-manylinux_2_34_x86_64.whl.metadata (5.7 kB)
Collecting dateparser==1.2.1 (from -r requirements.txt (line 28))
  Using cached dateparser-1.2.1-py3-none-any.whl.metadata (29 kB)
Collecting decorator==5.2.1 (from -r requirements.txt (line 29))
  Using cached decorator-5.2.1-py3-none-any.whl.metadata (3.9 kB)
Collecting Deprecated==1.2.18 (from -r requirements.txt (line 30))
  Using cached Deprecated-1.2.18-py2.py3-none-any.whl.metadata (5.7 kB)
Collecting dill==0.4.0 (from -r requirements.txt (line 31))
  Using cached dill-0.4.0-py3-none-any.whl.metadata (10 kB)
Collecting dj-database-url==3.0.1 (from -r requirements.txt (line 32))
  Using cached dj_database_url-3.0.1-py3-none-any.whl.metadata (14 kB)
Collecting Django==5.2.6 (from -r requirements.txt (line 33))
  Using cached django-5.2.6-py3-none-any.whl.metadata (4.1 kB)
Collecting django-cors-headers==4.7.0 (from -r requirements.txt (line 34))
  Using cached django_cors_headers-4.7.0-py3-none-any.whl.metadata (16 kB)
Collecting django-filter==25.2 (from -r requirements.txt (line 35))
  Using cached django_filter-25.2-py3-none-any.whl.metadata (5.1 kB)
Collecting django-graphql-jwt==0.4.0 (from -r requirements.txt (line 36))
  Using cached django_graphql_jwt-0.4.0-py3-none-any.whl.metadata (4.8 kB)
Collecting django-storages==1.14.6 (from -r requirements.txt (line 37))
  Using cached django_storages-1.14.6-py3-none-any.whl.metadata (4.7 kB)
Collecting django-stubs==5.2.7 (from -r requirements.txt (line 38))
  Using cached django_stubs-5.2.7-py3-none-any.whl.metadata (20 kB)
Collecting django-stubs-ext==5.2.7 (from -r requirements.txt (line 39))
  Using cached django_stubs_ext-5.2.7-py3-none-any.whl.metadata (3.6 kB)
Collecting djangorestframework==3.16.1 (from -r requirements.txt (line 40))
  Using cached djangorestframework-3.16.1-py3-none-any.whl.metadata (11 kB)
Collecting djangorestframework_simplejwt==5.5.1 (from -r requirements.txt (line 41))
  Using cached djangorestframework_simplejwt-5.5.1-py3-none-any.whl.metadata (4.6 kB)
Collecting dotenv==0.9.9 (from -r requirements.txt (line 42))
  Using cached dotenv-0.9.9-py2.py3-none-any.whl.metadata (279 bytes)
Collecting fabric==3.2.2 (from -r requirements.txt (line 43))
  Using cached fabric-3.2.2-py3-none-any.whl.metadata (3.5 kB)
Collecting filelock==3.18.0 (from -r requirements.txt (line 44))
  Using cached filelock-3.18.0-py3-none-any.whl.metadata (2.9 kB)
Collecting Flask==3.1.1 (from -r requirements.txt (line 45))
  Using cached flask-3.1.1-py3-none-any.whl.metadata (3.0 kB)
Collecting frozenlist==1.6.0 (from -r requirements.txt (line 46))
  Using cached frozenlist-1.6.0-cp313-cp313-manylinux_2_5_x86_64.manylinux1_x86_64.manylinux_2_17_x86_64.manylinux2014_x86_64.whl.metadata (16 kB)
Collecting fsspec==2025.5.1 (from -r requirements.txt (line 47))
  Using cached fsspec-2025.5.1-py3-none-any.whl.metadata (11 kB)
Collecting graphene==3.4.3 (from -r requirements.txt (line 48))
  Using cached graphene-3.4.3-py2.py3-none-any.whl.metadata (6.9 kB)
Collecting graphene-django==3.2.3 (from -r requirements.txt (line 49))
  Using cached graphene_django-3.2.3-py2.py3-none-any.whl.metadata (8.2 kB)
Collecting graphql-core==3.2.6 (from -r requirements.txt (line 50))
  Using cached graphql_core-3.2.6-py3-none-any.whl.metadata (11 kB)
Collecting graphql-relay==3.2.0 (from -r requirements.txt (line 51))
  Using cached graphql_relay-3.2.0-py3-none-any.whl.metadata (12 kB)
Requirement already satisfied: gunicorn==23.0.0 in /var/app/venv/staging-LQM1lest/lib64/python3.13/site-packages (from -r requirements.txt (line 52)) (23.0.0)
Collecting h11==0.16.0 (from -r requirements.txt (line 53))
  Using cached h11-0.16.0-py3-none-any.whl.metadata (8.3 kB)
Collecting httpcore==1.0.9 (from -r requirements.txt (line 54))
  Using cached httpcore-1.0.9-py3-none-any.whl.metadata (21 kB)
Collecting httpx==0.28.1 (from -r requirements.txt (line 55))
  Using cached httpx-0.28.1-py3-none-any.whl.metadata (7.1 kB)
Collecting idna==3.10 (from -r requirements.txt (line 56))
  Using cached idna-3.10-py3-none-any.whl.metadata (10 kB)
Collecting iniconfig==2.1.0 (from -r requirements.txt (line 57))
  Using cached iniconfig-2.1.0-py3-none-any.whl.metadata (2.7 kB)
Collecting invoke==2.2.1 (from -r requirements.txt (line 58))
  Using cached invoke-2.2.1-py3-none-any.whl.metadata (3.3 kB)
Collecting isort==6.0.1 (from -r requirements.txt (line 59))
  Using cached isort-6.0.1-py3-none-any.whl.metadata (11 kB)
Collecting itsdangerous==2.2.0 (from -r requirements.txt (line 60))
  Using cached itsdangerous-2.2.0-py3-none-any.whl.metadata (1.9 kB)
Collecting Jinja2==3.1.6 (from -r requirements.txt (line 61))
  Using cached jinja2-3.1.6-py3-none-any.whl.metadata (2.9 kB)
Collecting jinxed==1.3.0 (from -r requirements.txt (line 62))
  Using cached jinxed-1.3.0-py2.py3-none-any.whl.metadata (4.7 kB)
Collecting jmespath==1.0.1 (from -r requirements.txt (line 63))
  Using cached jmespath-1.0.1-py3-none-any.whl.metadata (7.6 kB)
Collecting JSON-log-formatter==1.1.1 (from -r requirements.txt (line 64))
  Using cached json_log_formatter-1.1.1.tar.gz (5.9 kB)
  Installing build dependencies: started
  Installing build dependencies: finished with status 'done'
  Getting requirements to build wheel: started
  Getting requirements to build wheel: finished with status 'done'
  Preparing metadata (pyproject.toml): started
  Preparing metadata (pyproject.toml): finished with status 'done'
Collecting loguru==0.7.3 (from -r requirements.txt (line 65))
  Using cached loguru-0.7.3-py3-none-any.whl.metadata (22 kB)
Collecting MarkupSafe==3.0.2 (from -r requirements.txt (line 66))
  Using cached MarkupSafe-3.0.2-cp313-cp313-manylinux_2_17_x86_64.manylinux2014_x86_64.whl.metadata (4.0 kB)
Collecting mccabe==0.7.0 (from -r requirements.txt (line 67))
  Using cached mccabe-0.7.0-py2.py3-none-any.whl.metadata (5.0 kB)
Collecting mpmath==1.3.0 (from -r requirements.txt (line 68))
  Using cached mpmath-1.3.0-py3-none-any.whl.metadata (8.6 kB)
Collecting multidict==6.4.4 (from -r requirements.txt (line 69))
  Using cached multidict-6.4.4-cp313-cp313-manylinux_2_17_x86_64.manylinux2014_x86_64.whl.metadata (5.3 kB)
Collecting mypy==1.17.1 (from -r requirements.txt (line 70))
  Using cached mypy-1.17.1-cp313-cp313-manylinux2014_x86_64.manylinux_2_17_x86_64.manylinux_2_28_x86_64.whl.metadata (2.2 kB)
Collecting mypy_extensions==1.1.0 (from -r requirements.txt (line 71))
  Using cached mypy_extensions-1.1.0-py3-none-any.whl.metadata (1.1 kB)
Collecting networkx==3.5 (from -r requirements.txt (line 72))
  Using cached networkx-3.5-py3-none-any.whl.metadata (6.3 kB)
Collecting numpy==2.2.6 (from -r requirements.txt (line 73))
  Using cached numpy-2.2.6-cp313-cp313-manylinux_2_17_x86_64.manylinux2014_x86_64.whl.metadata (62 kB)
Collecting packaging==24.2 (from -r requirements.txt (line 74))
  Using cached packaging-24.2-py3-none-any.whl.metadata (3.2 kB)
Collecting pandas==2.2.3 (from -r requirements.txt (line 75))
  Using cached pandas-2.2.3-cp313-cp313-manylinux_2_17_x86_64.manylinux2014_x86_64.whl.metadata (89 kB)

2025/10/21 11:33:50.920449 [INFO] ERROR: Ignored the following versions that require a different python version: 1.21.2 Requires-Python >=3.7,<3.11; 1.21.3 Requires-Python >=3.7,<3.11; 1.21.4 Requires-Python >=3.7,<3.11; 1.21.5 Requires-Python >=3.7,<3.11; 1.21.6 Requires-Python >=3.7,<3.11; 1.26.0 Requires-Python >=3.9,<3.13; 1.26.1 Requires-Python >=3.9,<3.13; 4.4.0 Requires-Python >=3.6,<3.9
ERROR: Could not find a version that satisfies the requirement pandas_ta==0.3.14b0 (from versions: 0.4.67b0, 0.4.71b0)
ERROR: No matching distribution found for pandas_ta==0.3.14b0

2025/10/21 11:33:50.920460 [ERROR] An error occurred during execution of command [config-deploy] - [InstallDependency]. Stop running the command. Error: fail to install dependencies with requirements.txt file with error Command /var/app/venv/staging-LQM1lest/bin/pip install -r requirements.txt failed with error exit status 1. Stderr:ERROR: Ignored the following versions that require a different python version: 1.21.2 Requires-Python >=3.7,<3.11; 1.21.3 Requires-Python >=3.7,<3.11; 1.21.4 Requires-Python >=3.7,<3.11; 1.21.5 Requires-Python >=3.7,<3.11; 1.21.6 Requires-Python >=3.7,<3.11; 1.26.0 Requires-Python >=3.9,<3.13; 1.26.1 Requires-Python >=3.9,<3.13; 4.4.0 Requires-Python >=3.6,<3.9
ERROR: Could not find a version that satisfies the requirement pandas_ta==0.3.14b0 (from versions: 0.4.67b0, 0.4.71b0)
ERROR: No matching distribution found for pandas_ta==0.3.14b0
 

2025/10/21 11:33:50.920464 [INFO] Executing cleanup logic
2025/10/21 11:33:50.920634 [INFO] CommandService Response: {"status":"FAILURE","api_version":"1.0","results":[{"status":"FAILURE","msg":"Engine execution has encountered an error.","returncode":1,"events":[{"msg":"Instance deployment failed to install application dependencies. The deployment failed.","timestamp":1761046430920,"severity":"ERROR"},{"msg":"Instance deployment failed. For details, see 'eb-engine.log'.","timestamp":1761046430920,"severity":"ERROR"}]}]}

2025/10/21 11:33:50.921876 [INFO] Platform Engine finished execution on command: config-deploy

2025/10/21 11:37:40.346237 [INFO] Starting...
2025/10/21 11:37:40.346298 [INFO] Starting EBPlatform-PlatformEngine
2025/10/21 11:37:40.346321 [INFO] reading event message file
2025/10/21 11:37:40.346678 [INFO] Engine received EB command cfn-hup-exec

2025/10/21 11:37:40.412277 [INFO] Running command: /opt/aws/bin/cfn-get-metadata -s arn:aws:cloudformation:ap-southeast-1:974082559319:stack/awseb-e-2nzfb3xwfm-stack/9c272940-ae0f-11f0-8fa9-02ae66e449fd -r AWSEBAutoScalingGroup --region ap-southeast-1
2025/10/21 11:37:40.713547 [INFO] Running command: /opt/aws/bin/cfn-get-metadata -s arn:aws:cloudformation:ap-southeast-1:974082559319:stack/awseb-e-2nzfb3xwfm-stack/9c272940-ae0f-11f0-8fa9-02ae66e449fd -r AWSEBBeanstalkMetadata --region ap-southeast-1
2025/10/21 11:37:41.006612 [INFO] checking whether command app-deploy is applicable to this instance...
2025/10/21 11:37:41.006626 [INFO] this command is applicable to the instance, thus instance should execute command
2025/10/21 11:37:41.006629 [INFO] Engine command: (app-deploy)

2025/10/21 11:37:41.006634 [INFO] Downloading EB Application...
2025/10/21 11:37:41.006636 [INFO] Region: ap-southeast-1
2025/10/21 11:37:41.006639 [INFO] envID: e-2nzfb3xwfm
2025/10/21 11:37:41.006642 [INFO] envBucket: elasticbeanstalk-ap-southeast-1-974082559319
2025/10/21 11:37:41.006645 [INFO] accountID: 974082559319
2025/10/21 11:37:41.006649 [INFO] Using manifest file name from command request
2025/10/21 11:37:41.006655 [INFO] Manifest name is : manifest_1761046638697
2025/10/21 11:37:41.006658 [INFO] Download app version manifest
2025/10/21 11:37:41.006863 [INFO] Downloading: bucket: elasticbeanstalk-ap-southeast-1-974082559319, object: resources/environments/e-2nzfb3xwfm/_runtime/versions/manifest_1761046638697, expected bucket owner: 974082559319
2025/10/21 11:37:41.045647 [INFO] Download successful148bytes downloaded
2025/10/21 11:37:41.045877 [INFO] Trying to read and parse version manifest...
2025/10/21 11:37:41.045966 [INFO] Downloading: bucket: elasticbeanstalk-ap-southeast-1-974082559319, object: resources/environments/e-2nzfb3xwfm/_runtime/_versions/jeceProject/code-pipeline-1761046631418-575680a8c949058adb6c5d5467b734606fe65538, expected bucket owner: 974082559319
2025/10/21 11:37:41.108144 [INFO] Download successful47939bytes downloaded
2025/10/21 11:37:41.108427 [INFO] Executing instruction: ElectLeader
2025/10/21 11:37:41.108434 [INFO] Running leader election for instance i-00543c834804e9596...
2025/10/21 11:37:41.108436 [INFO] Calling the cfn-elect-cmd-leader to elect the command leader.
2025/10/21 11:37:41.108445 [INFO] Running command: /opt/aws/bin/cfn-elect-cmd-leader --stack arn:aws:cloudformation:ap-southeast-1:974082559319:stack/awseb-e-2nzfb3xwfm-stack/9c272940-ae0f-11f0-8fa9-02ae66e449fd --command-name ElasticBeanstalkCommand-AWSEBAutoScalingGroup --invocation-id 95ac8e79-74ac-4318-9c2f-c3778dac7ec8 --listener-id i-00543c834804e9596 --region ap-southeast-1
2025/10/21 11:37:41.403356 [INFO] Instance is Leader.
2025/10/21 11:37:41.403398 [INFO] Executing instruction: stopSqsd
2025/10/21 11:37:41.403403 [INFO] This is a web server environment instance, skip stop sqsd daemon ...
2025/10/21 11:37:41.403408 [INFO] Executing instruction: PreBuildEbExtension
2025/10/21 11:37:41.403412 [INFO] Starting executing the config set Infra-EmbeddedPreBuild.
2025/10/21 11:37:41.403591 [INFO] Running command: /opt/aws/bin/cfn-init -s arn:aws:cloudformation:ap-southeast-1:974082559319:stack/awseb-e-2nzfb3xwfm-stack/9c272940-ae0f-11f0-8fa9-02ae66e449fd -r AWSEBAutoScalingGroup --region ap-southeast-1 --configsets Infra-EmbeddedPreBuild
2025/10/21 11:37:41.719675 [INFO] Finished executing the config set Infra-EmbeddedPreBuild.

2025/10/21 11:37:41.719726 [INFO] Executing instruction: StageApplication
2025/10/21 11:37:41.719730 [INFO] Recreating /var/app/staging/
2025/10/21 11:37:41.720777 [INFO] extracting /opt/elasticbeanstalk/deployment/app_source_bundle to /var/app/staging/
2025/10/21 11:37:41.720793 [INFO] Running command: /usr/bin/unzip -q -o /opt/elasticbeanstalk/deployment/app_source_bundle -d /var/app/staging/
2025/10/21 11:37:41.726933 [INFO] finished extracting /opt/elasticbeanstalk/deployment/app_source_bundle to /var/app/staging/ successfully
2025/10/21 11:37:41.727937 [INFO] Executing instruction: RunAppDeployPreBuildHooks
2025/10/21 11:37:41.727969 [INFO] Executing platform hooks in .platform/hooks/prebuild/
2025/10/21 11:37:41.727985 [INFO] The dir .platform/hooks/prebuild/ does not exist
2025/10/21 11:37:41.727988 [INFO] Finished running scripts in /var/app/staging/.platform/hooks/prebuild
2025/10/21 11:37:41.727997 [INFO] Executing instruction: InstallDependency
2025/10/21 11:37:41.728001 [INFO] checking dependencies file
2025/10/21 11:37:41.728014 [INFO] Installing dependencies with requirements.txt by using Pip
2025/10/21 11:37:41.728025 [INFO] Running command: /var/app/venv/staging-LQM1lest/bin/pip install -r requirements.txt
2025/10/21 11:37:49.881911 [INFO] Collecting aiodns==3.4.0 (from -r requirements.txt (line 1))
  Using cached aiodns-3.4.0-py3-none-any.whl.metadata (4.7 kB)
Collecting aiohappyeyeballs==2.6.1 (from -r requirements.txt (line 2))
  Using cached aiohappyeyeballs-2.6.1-py3-none-any.whl.metadata (5.9 kB)
Collecting aiohttp==3.12.0 (from -r requirements.txt (line 3))
  Using cached aiohttp-3.12.0-cp313-cp313-manylinux_2_17_x86_64.manylinux2014_x86_64.whl.metadata (7.6 kB)
Collecting aiosignal==1.3.2 (from -r requirements.txt (line 4))
  Using cached aiosignal-1.3.2-py2.py3-none-any.whl.metadata (3.8 kB)
Collecting annotated-types==0.7.0 (from -r requirements.txt (line 5))
  Using cached annotated_types-0.7.0-py3-none-any.whl.metadata (15 kB)
Collecting ansicon==1.89.0 (from -r requirements.txt (line 6))
  Using cached ansicon-1.89.0-py2.py3-none-any.whl.metadata (2.8 kB)
Collecting anyio==4.9.0 (from -r requirements.txt (line 7))
  Using cached anyio-4.9.0-py3-none-any.whl.metadata (4.7 kB)
Collecting asgiref==3.9.2 (from -r requirements.txt (line 8))
  Using cached asgiref-3.9.2-py3-none-any.whl.metadata (9.3 kB)
Collecting astroid==3.3.11 (from -r requirements.txt (line 9))
  Using cached astroid-3.3.11-py3-none-any.whl.metadata (4.4 kB)
Collecting asyncio==3.4.3 (from -r requirements.txt (line 10))
  Using cached asyncio-3.4.3-py3-none-any.whl.metadata (1.7 kB)
Collecting attrs==25.3.0 (from -r requirements.txt (line 11))
  Using cached attrs-25.3.0-py3-none-any.whl.metadata (10 kB)
Collecting awsebcli==3.25.1 (from -r requirements.txt (line 12))
  Using cached awsebcli-3.25.1.tar.gz (323 kB)
  Installing build dependencies: started
  Installing build dependencies: finished with status 'done'
  Getting requirements to build wheel: started
  Getting requirements to build wheel: finished with status 'done'
  Preparing metadata (pyproject.toml): started
  Preparing metadata (pyproject.toml): finished with status 'done'
Collecting bcrypt==5.0.0 (from -r requirements.txt (line 13))
  Using cached bcrypt-5.0.0-cp39-abi3-manylinux_2_34_x86_64.whl.metadata (10 kB)
Collecting black==25.1.0 (from -r requirements.txt (line 14))
  Using cached black-25.1.0-cp313-cp313-manylinux_2_17_x86_64.manylinux2014_x86_64.manylinux_2_28_x86_64.whl.metadata (81 kB)
Collecting blessed==1.22.0 (from -r requirements.txt (line 15))
  Using cached blessed-1.22.0-py2.py3-none-any.whl.metadata (13 kB)
Collecting blinker==1.9.0 (from -r requirements.txt (line 16))
  Using cached blinker-1.9.0-py3-none-any.whl.metadata (1.6 kB)
Collecting boto3==1.40.10 (from -r requirements.txt (line 17))
  Using cached boto3-1.40.10-py3-none-any.whl.metadata (6.7 kB)
Collecting botocore==1.40.10 (from -r requirements.txt (line 18))
  Using cached botocore-1.40.10-py3-none-any.whl.metadata (5.7 kB)
Collecting ccxt==4.4.85 (from -r requirements.txt (line 19))
  Using cached ccxt-4.4.85-py2.py3-none-any.whl.metadata (127 kB)
Collecting cement==2.10.14 (from -r requirements.txt (line 20))
  Using cached cement-2.10.14-py3-none-any.whl.metadata (3.5 kB)
Collecting certifi==2025.8.3 (from -r requirements.txt (line 21))
  Using cached certifi-2025.8.3-py3-none-any.whl.metadata (2.4 kB)
Collecting cffi==1.17.1 (from -r requirements.txt (line 22))
  Using cached cffi-1.17.1-cp313-cp313-manylinux_2_17_x86_64.manylinux2014_x86_64.whl.metadata (1.5 kB)
Collecting charset-normalizer==3.4.3 (from -r requirements.txt (line 23))
  Using cached charset_normalizer-3.4.3-cp313-cp313-manylinux2014_x86_64.manylinux_2_17_x86_64.manylinux_2_28_x86_64.whl.metadata (36 kB)
Collecting click==8.2.1 (from -r requirements.txt (line 24))
  Using cached click-8.2.1-py3-none-any.whl.metadata (2.5 kB)
Collecting clr_loader==0.2.8 (from -r requirements.txt (line 25))
  Using cached clr_loader-0.2.8-py3-none-any.whl.metadata (1.5 kB)
Collecting colorama==0.4.6 (from -r requirements.txt (line 26))
  Using cached colorama-0.4.6-py2.py3-none-any.whl.metadata (17 kB)
Collecting cryptography==45.0.3 (from -r requirements.txt (line 27))
  Using cached cryptography-45.0.3-cp311-abi3-manylinux_2_34_x86_64.whl.metadata (5.7 kB)
Collecting dateparser==1.2.1 (from -r requirements.txt (line 28))
  Using cached dateparser-1.2.1-py3-none-any.whl.metadata (29 kB)
Collecting decorator==5.2.1 (from -r requirements.txt (line 29))
  Using cached decorator-5.2.1-py3-none-any.whl.metadata (3.9 kB)
Collecting Deprecated==1.2.18 (from -r requirements.txt (line 30))
  Using cached Deprecated-1.2.18-py2.py3-none-any.whl.metadata (5.7 kB)
Collecting dill==0.4.0 (from -r requirements.txt (line 31))
  Using cached dill-0.4.0-py3-none-any.whl.metadata (10 kB)
Collecting dj-database-url==3.0.1 (from -r requirements.txt (line 32))
  Using cached dj_database_url-3.0.1-py3-none-any.whl.metadata (14 kB)
Collecting Django==5.2.6 (from -r requirements.txt (line 33))
  Using cached django-5.2.6-py3-none-any.whl.metadata (4.1 kB)
Collecting django-cors-headers==4.7.0 (from -r requirements.txt (line 34))
  Using cached django_cors_headers-4.7.0-py3-none-any.whl.metadata (16 kB)
Collecting django-filter==25.2 (from -r requirements.txt (line 35))
  Using cached django_filter-25.2-py3-none-any.whl.metadata (5.1 kB)
Collecting django-graphql-jwt==0.4.0 (from -r requirements.txt (line 36))
  Using cached django_graphql_jwt-0.4.0-py3-none-any.whl.metadata (4.8 kB)
Collecting django-storages==1.14.6 (from -r requirements.txt (line 37))
  Using cached django_storages-1.14.6-py3-none-any.whl.metadata (4.7 kB)
Collecting django-stubs==5.2.7 (from -r requirements.txt (line 38))
  Using cached django_stubs-5.2.7-py3-none-any.whl.metadata (20 kB)
Collecting django-stubs-ext==5.2.7 (from -r requirements.txt (line 39))
  Using cached django_stubs_ext-5.2.7-py3-none-any.whl.metadata (3.6 kB)
Collecting djangorestframework==3.16.1 (from -r requirements.txt (line 40))
  Using cached djangorestframework-3.16.1-py3-none-any.whl.metadata (11 kB)
Collecting djangorestframework_simplejwt==5.5.1 (from -r requirements.txt (line 41))
  Using cached djangorestframework_simplejwt-5.5.1-py3-none-any.whl.metadata (4.6 kB)
Collecting dotenv==0.9.9 (from -r requirements.txt (line 42))
  Using cached dotenv-0.9.9-py2.py3-none-any.whl.metadata (279 bytes)
Collecting fabric==3.2.2 (from -r requirements.txt (line 43))
  Using cached fabric-3.2.2-py3-none-any.whl.metadata (3.5 kB)
Collecting filelock==3.18.0 (from -r requirements.txt (line 44))
  Using cached filelock-3.18.0-py3-none-any.whl.metadata (2.9 kB)
Collecting Flask==3.1.1 (from -r requirements.txt (line 45))
  Using cached flask-3.1.1-py3-none-any.whl.metadata (3.0 kB)
Collecting frozenlist==1.6.0 (from -r requirements.txt (line 46))
  Using cached frozenlist-1.6.0-cp313-cp313-manylinux_2_5_x86_64.manylinux1_x86_64.manylinux_2_17_x86_64.manylinux2014_x86_64.whl.metadata (16 kB)
Collecting fsspec==2025.5.1 (from -r requirements.txt (line 47))
  Using cached fsspec-2025.5.1-py3-none-any.whl.metadata (11 kB)
Collecting graphene==3.4.3 (from -r requirements.txt (line 48))
  Using cached graphene-3.4.3-py2.py3-none-any.whl.metadata (6.9 kB)
Collecting graphene-django==3.2.3 (from -r requirements.txt (line 49))
  Using cached graphene_django-3.2.3-py2.py3-none-any.whl.metadata (8.2 kB)
Collecting graphql-core==3.2.6 (from -r requirements.txt (line 50))
  Using cached graphql_core-3.2.6-py3-none-any.whl.metadata (11 kB)
Collecting graphql-relay==3.2.0 (from -r requirements.txt (line 51))
  Using cached graphql_relay-3.2.0-py3-none-any.whl.metadata (12 kB)
Requirement already satisfied: gunicorn==23.0.0 in /var/app/venv/staging-LQM1lest/lib64/python3.13/site-packages (from -r requirements.txt (line 52)) (23.0.0)
Collecting h11==0.16.0 (from -r requirements.txt (line 53))
  Using cached h11-0.16.0-py3-none-any.whl.metadata (8.3 kB)
Collecting httpcore==1.0.9 (from -r requirements.txt (line 54))
  Using cached httpcore-1.0.9-py3-none-any.whl.metadata (21 kB)
Collecting httpx==0.28.1 (from -r requirements.txt (line 55))
  Using cached httpx-0.28.1-py3-none-any.whl.metadata (7.1 kB)
Collecting idna==3.10 (from -r requirements.txt (line 56))
  Using cached idna-3.10-py3-none-any.whl.metadata (10 kB)
Collecting iniconfig==2.1.0 (from -r requirements.txt (line 57))
  Using cached iniconfig-2.1.0-py3-none-any.whl.metadata (2.7 kB)
Collecting invoke==2.2.1 (from -r requirements.txt (line 58))
  Using cached invoke-2.2.1-py3-none-any.whl.metadata (3.3 kB)
Collecting isort==6.0.1 (from -r requirements.txt (line 59))
  Using cached isort-6.0.1-py3-none-any.whl.metadata (11 kB)
Collecting itsdangerous==2.2.0 (from -r requirements.txt (line 60))
  Using cached itsdangerous-2.2.0-py3-none-any.whl.metadata (1.9 kB)
Collecting Jinja2==3.1.6 (from -r requirements.txt (line 61))
  Using cached jinja2-3.1.6-py3-none-any.whl.metadata (2.9 kB)
Collecting jinxed==1.3.0 (from -r requirements.txt (line 62))
  Using cached jinxed-1.3.0-py2.py3-none-any.whl.metadata (4.7 kB)
Collecting jmespath==1.0.1 (from -r requirements.txt (line 63))
  Using cached jmespath-1.0.1-py3-none-any.whl.metadata (7.6 kB)
Collecting JSON-log-formatter==1.1.1 (from -r requirements.txt (line 64))
  Using cached json_log_formatter-1.1.1.tar.gz (5.9 kB)
  Installing build dependencies: started
  Installing build dependencies: finished with status 'done'
  Getting requirements to build wheel: started
  Getting requirements to build wheel: finished with status 'done'
  Preparing metadata (pyproject.toml): started
  Preparing metadata (pyproject.toml): finished with status 'done'
Collecting loguru==0.7.3 (from -r requirements.txt (line 65))
  Using cached loguru-0.7.3-py3-none-any.whl.metadata (22 kB)
Collecting MarkupSafe==3.0.2 (from -r requirements.txt (line 66))
  Using cached MarkupSafe-3.0.2-cp313-cp313-manylinux_2_17_x86_64.manylinux2014_x86_64.whl.metadata (4.0 kB)
Collecting mccabe==0.7.0 (from -r requirements.txt (line 67))
  Using cached mccabe-0.7.0-py2.py3-none-any.whl.metadata (5.0 kB)
Collecting mpmath==1.3.0 (from -r requirements.txt (line 68))
  Using cached mpmath-1.3.0-py3-none-any.whl.metadata (8.6 kB)
Collecting multidict==6.4.4 (from -r requirements.txt (line 69))
  Using cached multidict-6.4.4-cp313-cp313-manylinux_2_17_x86_64.manylinux2014_x86_64.whl.metadata (5.3 kB)
Collecting mypy==1.17.1 (from -r requirements.txt (line 70))
  Using cached mypy-1.17.1-cp313-cp313-manylinux2014_x86_64.manylinux_2_17_x86_64.manylinux_2_28_x86_64.whl.metadata (2.2 kB)
Collecting mypy_extensions==1.1.0 (from -r requirements.txt (line 71))
  Using cached mypy_extensions-1.1.0-py3-none-any.whl.metadata (1.1 kB)
Collecting networkx==3.5 (from -r requirements.txt (line 72))
  Using cached networkx-3.5-py3-none-any.whl.metadata (6.3 kB)
Collecting numpy==2.2.6 (from -r requirements.txt (line 73))
  Using cached numpy-2.2.6-cp313-cp313-manylinux_2_17_x86_64.manylinux2014_x86_64.whl.metadata (62 kB)
Collecting packaging==24.2 (from -r requirements.txt (line 74))
  Using cached packaging-24.2-py3-none-any.whl.metadata (3.2 kB)
Collecting pandas==2.2.3 (from -r requirements.txt (line 75))
  Using cached pandas-2.2.3-cp313-cp313-manylinux_2_17_x86_64.manylinux2014_x86_64.whl.metadata (89 kB)

2025/10/21 11:37:49.881956 [INFO] ERROR: Ignored the following versions that require a different python version: 1.21.2 Requires-Python >=3.7,<3.11; 1.21.3 Requires-Python >=3.7,<3.11; 1.21.4 Requires-Python >=3.7,<3.11; 1.21.5 Requires-Python >=3.7,<3.11; 1.21.6 Requires-Python >=3.7,<3.11; 1.26.0 Requires-Python >=3.9,<3.13; 1.26.1 Requires-Python >=3.9,<3.13; 4.4.0 Requires-Python >=3.6,<3.9
ERROR: Could not find a version that satisfies the requirement pandas_ta==0.3.14b0 (from versions: 0.4.67b0, 0.4.71b0)
ERROR: No matching distribution found for pandas_ta==0.3.14b0

2025/10/21 11:37:49.881969 [ERROR] An error occurred during execution of command [app-deploy] - [InstallDependency]. Stop running the command. Error: fail to install dependencies with requirements.txt file with error Command /var/app/venv/staging-LQM1lest/bin/pip install -r requirements.txt failed with error exit status 1. Stderr:ERROR: Ignored the following versions that require a different python version: 1.21.2 Requires-Python >=3.7,<3.11; 1.21.3 Requires-Python >=3.7,<3.11; 1.21.4 Requires-Python >=3.7,<3.11; 1.21.5 Requires-Python >=3.7,<3.11; 1.21.6 Requires-Python >=3.7,<3.11; 1.26.0 Requires-Python >=3.9,<3.13; 1.26.1 Requires-Python >=3.9,<3.13; 4.4.0 Requires-Python >=3.6,<3.9
ERROR: Could not find a version that satisfies the requirement pandas_ta==0.3.14b0 (from versions: 0.4.67b0, 0.4.71b0)
ERROR: No matching distribution found for pandas_ta==0.3.14b0
 

2025/10/21 11:37:49.881975 [INFO] Executing cleanup logic
2025/10/21 11:37:49.882071 [INFO] CommandService Response: {"status":"FAILURE","api_version":"1.0","results":[{"status":"FAILURE","msg":"Engine execution has encountered an error.","returncode":1,"events":[{"msg":"Instance deployment failed to install application dependencies. The deployment failed.","timestamp":1761046669881,"severity":"ERROR"},{"msg":"Instance deployment failed. For details, see 'eb-engine.log'.","timestamp":1761046669881,"severity":"ERROR"}]}]}

2025/10/21 11:37:49.883278 [INFO] Platform Engine finished execution on command: app-deploy

2025/10/21 11:44:43.307709 [INFO] Starting...
2025/10/21 11:44:43.307765 [INFO] Starting EBPlatform-PlatformEngine
2025/10/21 11:44:43.307787 [INFO] reading event message file
2025/10/21 11:44:43.308155 [INFO] Engine received EB command cfn-hup-exec

2025/10/21 11:44:43.375554 [INFO] Running command: /opt/aws/bin/cfn-get-metadata -s arn:aws:cloudformation:ap-southeast-1:974082559319:stack/awseb-e-2nzfb3xwfm-stack/9c272940-ae0f-11f0-8fa9-02ae66e449fd -r AWSEBAutoScalingGroup --region ap-southeast-1
2025/10/21 11:44:43.679816 [INFO] Running command: /opt/aws/bin/cfn-get-metadata -s arn:aws:cloudformation:ap-southeast-1:974082559319:stack/awseb-e-2nzfb3xwfm-stack/9c272940-ae0f-11f0-8fa9-02ae66e449fd -r AWSEBBeanstalkMetadata --region ap-southeast-1
2025/10/21 11:44:43.973362 [INFO] checking whether command config-deploy is applicable to this instance...
2025/10/21 11:44:43.973374 [INFO] this command is applicable to the instance, thus instance should execute command
2025/10/21 11:44:43.973377 [INFO] Engine command: (config-deploy)

2025/10/21 11:44:43.973382 [INFO] Using manifest file name from command request
2025/10/21 11:44:43.973390 [INFO] Unable to get version manifest file.
2025/10/21 11:44:43.973393 [INFO] Downloading latest manifest available.
2025/10/21 11:44:43.973397 [INFO] Download latest app version manifest
2025/10/21 11:44:43.973543 [INFO] resources/environments/e-2nzfb3xwfm/_runtime/versions/manifest
2025/10/21 11:44:44.017693 [INFO] latestManifest key *: resources/environments/e-2nzfb3xwfm/_runtime/versions/manifest_1761047061945

2025/10/21 11:44:44.017978 [INFO] Downloading: bucket: elasticbeanstalk-ap-southeast-1-974082559319, object: resources/environments/e-2nzfb3xwfm/_runtime/versions/manifest_1761047061945, expected bucket owner: 974082559319
2025/10/21 11:44:44.047707 [INFO] Download successful49bytes downloaded
2025/10/21 11:44:44.047834 [INFO] Trying to read and parse version manifest...
2025/10/21 11:44:44.048024 [INFO] Executing instruction: stopSqsd
2025/10/21 11:44:44.048032 [INFO] This is a web server environment instance, skip stop sqsd daemon ...
2025/10/21 11:44:44.048036 [INFO] Executing instruction: StageApplication
2025/10/21 11:44:44.048038 [INFO] Recreating /var/app/staging/
2025/10/21 11:44:44.049174 [INFO] extracting /opt/elasticbeanstalk/deployment/app_source_bundle to /var/app/staging/
2025/10/21 11:44:44.049187 [INFO] Running command: /usr/bin/unzip -q -o /opt/elasticbeanstalk/deployment/app_source_bundle -d /var/app/staging/
2025/10/21 11:44:44.059104 [INFO] finished extracting /opt/elasticbeanstalk/deployment/app_source_bundle to /var/app/staging/ successfully
2025/10/21 11:44:44.060028 [INFO] Executing instruction: RunConfigDeployPreBuildHooks
2025/10/21 11:44:44.060050 [INFO] Executing platform hooks in .platform/confighooks/prebuild/
2025/10/21 11:44:44.060073 [INFO] The dir .platform/confighooks/prebuild/ does not exist
2025/10/21 11:44:44.060076 [INFO] Finished running scripts in /var/app/staging/.platform/confighooks/prebuild
2025/10/21 11:44:44.060080 [INFO] Executing instruction: InstallDependency
2025/10/21 11:44:44.060084 [INFO] checking dependencies file
2025/10/21 11:44:44.060097 [INFO] Installing dependencies with requirements.txt by using Pip
2025/10/21 11:44:44.060106 [INFO] Running command: /var/app/venv/staging-LQM1lest/bin/pip install -r requirements.txt
2025/10/21 11:44:52.229048 [INFO] Collecting aiodns==3.4.0 (from -r requirements.txt (line 1))
  Using cached aiodns-3.4.0-py3-none-any.whl.metadata (4.7 kB)
Collecting aiohappyeyeballs==2.6.1 (from -r requirements.txt (line 2))
  Using cached aiohappyeyeballs-2.6.1-py3-none-any.whl.metadata (5.9 kB)
Collecting aiohttp==3.12.0 (from -r requirements.txt (line 3))
  Using cached aiohttp-3.12.0-cp313-cp313-manylinux_2_17_x86_64.manylinux2014_x86_64.whl.metadata (7.6 kB)
Collecting aiosignal==1.3.2 (from -r requirements.txt (line 4))
  Using cached aiosignal-1.3.2-py2.py3-none-any.whl.metadata (3.8 kB)
Collecting annotated-types==0.7.0 (from -r requirements.txt (line 5))
  Using cached annotated_types-0.7.0-py3-none-any.whl.metadata (15 kB)
Collecting ansicon==1.89.0 (from -r requirements.txt (line 6))
  Using cached ansicon-1.89.0-py2.py3-none-any.whl.metadata (2.8 kB)
Collecting anyio==4.9.0 (from -r requirements.txt (line 7))
  Using cached anyio-4.9.0-py3-none-any.whl.metadata (4.7 kB)
Collecting asgiref==3.9.2 (from -r requirements.txt (line 8))
  Using cached asgiref-3.9.2-py3-none-any.whl.metadata (9.3 kB)
Collecting astroid==3.3.11 (from -r requirements.txt (line 9))
  Using cached astroid-3.3.11-py3-none-any.whl.metadata (4.4 kB)
Collecting asyncio==3.4.3 (from -r requirements.txt (line 10))
  Using cached asyncio-3.4.3-py3-none-any.whl.metadata (1.7 kB)
Collecting attrs==25.3.0 (from -r requirements.txt (line 11))
  Using cached attrs-25.3.0-py3-none-any.whl.metadata (10 kB)
Collecting awsebcli==3.25.1 (from -r requirements.txt (line 12))
  Using cached awsebcli-3.25.1.tar.gz (323 kB)
  Installing build dependencies: started
  Installing build dependencies: finished with status 'done'
  Getting requirements to build wheel: started
  Getting requirements to build wheel: finished with status 'done'
  Preparing metadata (pyproject.toml): started
  Preparing metadata (pyproject.toml): finished with status 'done'
Collecting bcrypt==5.0.0 (from -r requirements.txt (line 13))
  Using cached bcrypt-5.0.0-cp39-abi3-manylinux_2_34_x86_64.whl.metadata (10 kB)
Collecting black==25.1.0 (from -r requirements.txt (line 14))
  Using cached black-25.1.0-cp313-cp313-manylinux_2_17_x86_64.manylinux2014_x86_64.manylinux_2_28_x86_64.whl.metadata (81 kB)
Collecting blessed==1.22.0 (from -r requirements.txt (line 15))
  Using cached blessed-1.22.0-py2.py3-none-any.whl.metadata (13 kB)
Collecting blinker==1.9.0 (from -r requirements.txt (line 16))
  Using cached blinker-1.9.0-py3-none-any.whl.metadata (1.6 kB)
Collecting boto3==1.40.10 (from -r requirements.txt (line 17))
  Using cached boto3-1.40.10-py3-none-any.whl.metadata (6.7 kB)
Collecting botocore==1.40.10 (from -r requirements.txt (line 18))
  Using cached botocore-1.40.10-py3-none-any.whl.metadata (5.7 kB)
Collecting ccxt==4.4.85 (from -r requirements.txt (line 19))
  Using cached ccxt-4.4.85-py2.py3-none-any.whl.metadata (127 kB)
Collecting cement==2.10.14 (from -r requirements.txt (line 20))
  Using cached cement-2.10.14-py3-none-any.whl.metadata (3.5 kB)
Collecting certifi==2025.8.3 (from -r requirements.txt (line 21))
  Using cached certifi-2025.8.3-py3-none-any.whl.metadata (2.4 kB)
Collecting cffi==1.17.1 (from -r requirements.txt (line 22))
  Using cached cffi-1.17.1-cp313-cp313-manylinux_2_17_x86_64.manylinux2014_x86_64.whl.metadata (1.5 kB)
Collecting charset-normalizer==3.4.3 (from -r requirements.txt (line 23))
  Using cached charset_normalizer-3.4.3-cp313-cp313-manylinux2014_x86_64.manylinux_2_17_x86_64.manylinux_2_28_x86_64.whl.metadata (36 kB)
Collecting click==8.2.1 (from -r requirements.txt (line 24))
  Using cached click-8.2.1-py3-none-any.whl.metadata (2.5 kB)
Collecting clr_loader==0.2.8 (from -r requirements.txt (line 25))
  Using cached clr_loader-0.2.8-py3-none-any.whl.metadata (1.5 kB)
Collecting colorama==0.4.6 (from -r requirements.txt (line 26))
  Using cached colorama-0.4.6-py2.py3-none-any.whl.metadata (17 kB)
Collecting cryptography==45.0.3 (from -r requirements.txt (line 27))
  Using cached cryptography-45.0.3-cp311-abi3-manylinux_2_34_x86_64.whl.metadata (5.7 kB)
Collecting dateparser==1.2.1 (from -r requirements.txt (line 28))
  Using cached dateparser-1.2.1-py3-none-any.whl.metadata (29 kB)
Collecting decorator==5.2.1 (from -r requirements.txt (line 29))
  Using cached decorator-5.2.1-py3-none-any.whl.metadata (3.9 kB)
Collecting Deprecated==1.2.18 (from -r requirements.txt (line 30))
  Using cached Deprecated-1.2.18-py2.py3-none-any.whl.metadata (5.7 kB)
Collecting dill==0.4.0 (from -r requirements.txt (line 31))
  Using cached dill-0.4.0-py3-none-any.whl.metadata (10 kB)
Collecting dj-database-url==3.0.1 (from -r requirements.txt (line 32))
  Using cached dj_database_url-3.0.1-py3-none-any.whl.metadata (14 kB)
Collecting Django==5.2.6 (from -r requirements.txt (line 33))
  Using cached django-5.2.6-py3-none-any.whl.metadata (4.1 kB)
Collecting django-cors-headers==4.7.0 (from -r requirements.txt (line 34))
  Using cached django_cors_headers-4.7.0-py3-none-any.whl.metadata (16 kB)
Collecting django-filter==25.2 (from -r requirements.txt (line 35))
  Using cached django_filter-25.2-py3-none-any.whl.metadata (5.1 kB)
Collecting django-graphql-jwt==0.4.0 (from -r requirements.txt (line 36))
  Using cached django_graphql_jwt-0.4.0-py3-none-any.whl.metadata (4.8 kB)
Collecting django-storages==1.14.6 (from -r requirements.txt (line 37))
  Using cached django_storages-1.14.6-py3-none-any.whl.metadata (4.7 kB)
Collecting django-stubs==5.2.7 (from -r requirements.txt (line 38))
  Using cached django_stubs-5.2.7-py3-none-any.whl.metadata (20 kB)
Collecting django-stubs-ext==5.2.7 (from -r requirements.txt (line 39))
  Using cached django_stubs_ext-5.2.7-py3-none-any.whl.metadata (3.6 kB)
Collecting djangorestframework==3.16.1 (from -r requirements.txt (line 40))
  Using cached djangorestframework-3.16.1-py3-none-any.whl.metadata (11 kB)
Collecting djangorestframework_simplejwt==5.5.1 (from -r requirements.txt (line 41))
  Using cached djangorestframework_simplejwt-5.5.1-py3-none-any.whl.metadata (4.6 kB)
Collecting dotenv==0.9.9 (from -r requirements.txt (line 42))
  Using cached dotenv-0.9.9-py2.py3-none-any.whl.metadata (279 bytes)
Collecting fabric==3.2.2 (from -r requirements.txt (line 43))
  Using cached fabric-3.2.2-py3-none-any.whl.metadata (3.5 kB)
Collecting filelock==3.18.0 (from -r requirements.txt (line 44))
  Using cached filelock-3.18.0-py3-none-any.whl.metadata (2.9 kB)
Collecting Flask==3.1.1 (from -r requirements.txt (line 45))
  Using cached flask-3.1.1-py3-none-any.whl.metadata (3.0 kB)
Collecting frozenlist==1.6.0 (from -r requirements.txt (line 46))
  Using cached frozenlist-1.6.0-cp313-cp313-manylinux_2_5_x86_64.manylinux1_x86_64.manylinux_2_17_x86_64.manylinux2014_x86_64.whl.metadata (16 kB)
Collecting fsspec==2025.5.1 (from -r requirements.txt (line 47))
  Using cached fsspec-2025.5.1-py3-none-any.whl.metadata (11 kB)
Collecting graphene==3.4.3 (from -r requirements.txt (line 48))
  Using cached graphene-3.4.3-py2.py3-none-any.whl.metadata (6.9 kB)
Collecting graphene-django==3.2.3 (from -r requirements.txt (line 49))
  Using cached graphene_django-3.2.3-py2.py3-none-any.whl.metadata (8.2 kB)
Collecting graphql-core==3.2.6 (from -r requirements.txt (line 50))
  Using cached graphql_core-3.2.6-py3-none-any.whl.metadata (11 kB)
Collecting graphql-relay==3.2.0 (from -r requirements.txt (line 51))
  Using cached graphql_relay-3.2.0-py3-none-any.whl.metadata (12 kB)
Requirement already satisfied: gunicorn==23.0.0 in /var/app/venv/staging-LQM1lest/lib64/python3.13/site-packages (from -r requirements.txt (line 52)) (23.0.0)
Collecting h11==0.16.0 (from -r requirements.txt (line 53))
  Using cached h11-0.16.0-py3-none-any.whl.metadata (8.3 kB)
Collecting httpcore==1.0.9 (from -r requirements.txt (line 54))
  Using cached httpcore-1.0.9-py3-none-any.whl.metadata (21 kB)
Collecting httpx==0.28.1 (from -r requirements.txt (line 55))
  Using cached httpx-0.28.1-py3-none-any.whl.metadata (7.1 kB)
Collecting idna==3.10 (from -r requirements.txt (line 56))
  Using cached idna-3.10-py3-none-any.whl.metadata (10 kB)
Collecting iniconfig==2.1.0 (from -r requirements.txt (line 57))
  Using cached iniconfig-2.1.0-py3-none-any.whl.metadata (2.7 kB)
Collecting invoke==2.2.1 (from -r requirements.txt (line 58))
  Using cached invoke-2.2.1-py3-none-any.whl.metadata (3.3 kB)
Collecting isort==6.0.1 (from -r requirements.txt (line 59))
  Using cached isort-6.0.1-py3-none-any.whl.metadata (11 kB)
Collecting itsdangerous==2.2.0 (from -r requirements.txt (line 60))
  Using cached itsdangerous-2.2.0-py3-none-any.whl.metadata (1.9 kB)
Collecting Jinja2==3.1.6 (from -r requirements.txt (line 61))
  Using cached jinja2-3.1.6-py3-none-any.whl.metadata (2.9 kB)
Collecting jinxed==1.3.0 (from -r requirements.txt (line 62))
  Using cached jinxed-1.3.0-py2.py3-none-any.whl.metadata (4.7 kB)
Collecting jmespath==1.0.1 (from -r requirements.txt (line 63))
  Using cached jmespath-1.0.1-py3-none-any.whl.metadata (7.6 kB)
Collecting JSON-log-formatter==1.1.1 (from -r requirements.txt (line 64))
  Using cached json_log_formatter-1.1.1.tar.gz (5.9 kB)
  Installing build dependencies: started
  Installing build dependencies: finished with status 'done'
  Getting requirements to build wheel: started
  Getting requirements to build wheel: finished with status 'done'
  Preparing metadata (pyproject.toml): started
  Preparing metadata (pyproject.toml): finished with status 'done'
Collecting loguru==0.7.3 (from -r requirements.txt (line 65))
  Using cached loguru-0.7.3-py3-none-any.whl.metadata (22 kB)
Collecting MarkupSafe==3.0.2 (from -r requirements.txt (line 66))
  Using cached MarkupSafe-3.0.2-cp313-cp313-manylinux_2_17_x86_64.manylinux2014_x86_64.whl.metadata (4.0 kB)
Collecting mccabe==0.7.0 (from -r requirements.txt (line 67))
  Using cached mccabe-0.7.0-py2.py3-none-any.whl.metadata (5.0 kB)
Collecting mpmath==1.3.0 (from -r requirements.txt (line 68))
  Using cached mpmath-1.3.0-py3-none-any.whl.metadata (8.6 kB)
Collecting multidict==6.4.4 (from -r requirements.txt (line 69))
  Using cached multidict-6.4.4-cp313-cp313-manylinux_2_17_x86_64.manylinux2014_x86_64.whl.metadata (5.3 kB)
Collecting mypy==1.17.1 (from -r requirements.txt (line 70))
  Using cached mypy-1.17.1-cp313-cp313-manylinux2014_x86_64.manylinux_2_17_x86_64.manylinux_2_28_x86_64.whl.metadata (2.2 kB)
Collecting mypy_extensions==1.1.0 (from -r requirements.txt (line 71))
  Using cached mypy_extensions-1.1.0-py3-none-any.whl.metadata (1.1 kB)
Collecting networkx==3.5 (from -r requirements.txt (line 72))
  Using cached networkx-3.5-py3-none-any.whl.metadata (6.3 kB)
Collecting numpy==2.2.6 (from -r requirements.txt (line 73))
  Using cached numpy-2.2.6-cp313-cp313-manylinux_2_17_x86_64.manylinux2014_x86_64.whl.metadata (62 kB)
Collecting packaging==24.2 (from -r requirements.txt (line 74))
  Using cached packaging-24.2-py3-none-any.whl.metadata (3.2 kB)
Collecting pandas==2.2.3 (from -r requirements.txt (line 75))
  Using cached pandas-2.2.3-cp313-cp313-manylinux_2_17_x86_64.manylinux2014_x86_64.whl.metadata (89 kB)

2025/10/21 11:44:52.229095 [INFO] ERROR: Ignored the following versions that require a different python version: 1.21.2 Requires-Python >=3.7,<3.11; 1.21.3 Requires-Python >=3.7,<3.11; 1.21.4 Requires-Python >=3.7,<3.11; 1.21.5 Requires-Python >=3.7,<3.11; 1.21.6 Requires-Python >=3.7,<3.11; 1.26.0 Requires-Python >=3.9,<3.13; 1.26.1 Requires-Python >=3.9,<3.13; 4.4.0 Requires-Python >=3.6,<3.9
ERROR: Could not find a version that satisfies the requirement pandas_ta==0.3.14b0 (from versions: 0.4.67b0, 0.4.71b0)
ERROR: No matching distribution found for pandas_ta==0.3.14b0

2025/10/21 11:44:52.229109 [ERROR] An error occurred during execution of command [config-deploy] - [InstallDependency]. Stop running the command. Error: fail to install dependencies with requirements.txt file with error Command /var/app/venv/staging-LQM1lest/bin/pip install -r requirements.txt failed with error exit status 1. Stderr:ERROR: Ignored the following versions that require a different python version: 1.21.2 Requires-Python >=3.7,<3.11; 1.21.3 Requires-Python >=3.7,<3.11; 1.21.4 Requires-Python >=3.7,<3.11; 1.21.5 Requires-Python >=3.7,<3.11; 1.21.6 Requires-Python >=3.7,<3.11; 1.26.0 Requires-Python >=3.9,<3.13; 1.26.1 Requires-Python >=3.9,<3.13; 4.4.0 Requires-Python >=3.6,<3.9
ERROR: Could not find a version that satisfies the requirement pandas_ta==0.3.14b0 (from versions: 0.4.67b0, 0.4.71b0)
ERROR: No matching distribution found for pandas_ta==0.3.14b0
 

2025/10/21 11:44:52.229113 [INFO] Executing cleanup logic
2025/10/21 11:44:52.229213 [INFO] CommandService Response: {"status":"FAILURE","api_version":"1.0","results":[{"status":"FAILURE","msg":"Engine execution has encountered an error.","returncode":1,"events":[{"msg":"Instance deployment failed to install application dependencies. The deployment failed.","timestamp":1761047092229,"severity":"ERROR"},{"msg":"Instance deployment failed. For details, see 'eb-engine.log'.","timestamp":1761047092229,"severity":"ERROR"}]}]}

2025/10/21 11:44:52.230360 [INFO] Platform Engine finished execution on command: config-deploy

2025/10/21 11:52:16.210069 [INFO] Starting...
2025/10/21 11:52:16.210115 [INFO] Starting EBPlatform-PlatformEngine
2025/10/21 11:52:16.210135 [INFO] reading event message file
2025/10/21 11:52:16.210438 [INFO] Engine received EB command cfn-hup-exec

2025/10/21 11:52:16.282244 [INFO] Running command: /opt/aws/bin/cfn-get-metadata -s arn:aws:cloudformation:ap-southeast-1:974082559319:stack/awseb-e-2nzfb3xwfm-stack/9c272940-ae0f-11f0-8fa9-02ae66e449fd -r AWSEBAutoScalingGroup --region ap-southeast-1
2025/10/21 11:52:16.579015 [INFO] Running command: /opt/aws/bin/cfn-get-metadata -s arn:aws:cloudformation:ap-southeast-1:974082559319:stack/awseb-e-2nzfb3xwfm-stack/9c272940-ae0f-11f0-8fa9-02ae66e449fd -r AWSEBBeanstalkMetadata --region ap-southeast-1
2025/10/21 11:52:16.871030 [INFO] checking whether command app-deploy is applicable to this instance...
2025/10/21 11:52:16.871042 [INFO] this command is applicable to the instance, thus instance should execute command
2025/10/21 11:52:16.871044 [INFO] Engine command: (app-deploy)

2025/10/21 11:52:16.871048 [INFO] Downloading EB Application...
2025/10/21 11:52:16.871050 [INFO] Region: ap-southeast-1
2025/10/21 11:52:16.871052 [INFO] envID: e-2nzfb3xwfm
2025/10/21 11:52:16.871054 [INFO] envBucket: elasticbeanstalk-ap-southeast-1-974082559319
2025/10/21 11:52:16.871056 [INFO] accountID: 974082559319
2025/10/21 11:52:16.871058 [INFO] Using manifest file name from command request
2025/10/21 11:52:16.871063 [INFO] Manifest name is : manifest_1761047514985
2025/10/21 11:52:16.871065 [INFO] Download app version manifest
2025/10/21 11:52:16.871227 [INFO] Downloading: bucket: elasticbeanstalk-ap-southeast-1-974082559319, object: resources/environments/e-2nzfb3xwfm/_runtime/versions/manifest_1761047514985, expected bucket owner: 974082559319
2025/10/21 11:52:16.909048 [INFO] Download successful149bytes downloaded
2025/10/21 11:52:16.909181 [INFO] Trying to read and parse version manifest...
2025/10/21 11:52:16.909251 [INFO] Downloading: bucket: elasticbeanstalk-ap-southeast-1-974082559319, object: resources/environments/e-2nzfb3xwfm/_runtime/_versions/jeceProject/code-pipeline-1761047508099-d52ec58e4b37eb6317b4fbfcf5cf01e89bc3a1c9, expected bucket owner: 974082559319
2025/10/21 11:52:16.928338 [INFO] Download successful49613bytes downloaded
2025/10/21 11:52:16.928723 [INFO] Executing instruction: ElectLeader
2025/10/21 11:52:16.928731 [INFO] Running leader election for instance i-00543c834804e9596...
2025/10/21 11:52:16.928737 [INFO] Calling the cfn-elect-cmd-leader to elect the command leader.
2025/10/21 11:52:16.928769 [INFO] Running command: /opt/aws/bin/cfn-elect-cmd-leader --stack arn:aws:cloudformation:ap-southeast-1:974082559319:stack/awseb-e-2nzfb3xwfm-stack/9c272940-ae0f-11f0-8fa9-02ae66e449fd --command-name ElasticBeanstalkCommand-AWSEBAutoScalingGroup --invocation-id 6a9f0848-8788-4fac-b8d3-31e788522d3b --listener-id i-00543c834804e9596 --region ap-southeast-1
2025/10/21 11:52:17.236827 [INFO] Instance is Leader.
2025/10/21 11:52:17.236873 [INFO] Executing instruction: stopSqsd
2025/10/21 11:52:17.236878 [INFO] This is a web server environment instance, skip stop sqsd daemon ...
2025/10/21 11:52:17.236881 [INFO] Executing instruction: PreBuildEbExtension
2025/10/21 11:52:17.236884 [INFO] Starting executing the config set Infra-EmbeddedPreBuild.
2025/10/21 11:52:17.236897 [INFO] Running command: /opt/aws/bin/cfn-init -s arn:aws:cloudformation:ap-southeast-1:974082559319:stack/awseb-e-2nzfb3xwfm-stack/9c272940-ae0f-11f0-8fa9-02ae66e449fd -r AWSEBAutoScalingGroup --region ap-southeast-1 --configsets Infra-EmbeddedPreBuild
2025/10/21 11:52:33.440102 [INFO] Error occurred during build: Yum does not have postgresql-devel available for installation

2025/10/21 11:52:33.440130 [ERROR] An error occurred during execution of command [app-deploy] - [PreBuildEbExtension]. Stop running the command. Error: EbExtension build failed. Please refer to /var/log/cfn-init.log for more details. 

2025/10/21 11:52:33.440134 [INFO] Executing cleanup logic
2025/10/21 11:52:33.440210 [INFO] CommandService Response: {"status":"FAILURE","api_version":"1.0","results":[{"status":"FAILURE","msg":"Engine execution has encountered an error.","returncode":1,"events":[{"msg":"Instance deployment failed. For details, see 'eb-engine.log'.","timestamp":1761047553440,"severity":"ERROR"}]}]}

2025/10/21 11:52:33.441417 [INFO] Platform Engine finished execution on command: app-deploy

2025/10/21 11:55:28.107933 [INFO] Starting...
2025/10/21 11:55:28.107980 [INFO] Starting EBPlatform-PlatformEngine
2025/10/21 11:55:28.108001 [INFO] reading event message file
2025/10/21 11:55:28.108307 [INFO] Engine received EB command cfn-hup-exec

2025/10/21 11:55:28.175029 [INFO] Running command: /opt/aws/bin/cfn-get-metadata -s arn:aws:cloudformation:ap-southeast-1:974082559319:stack/awseb-e-2nzfb3xwfm-stack/9c272940-ae0f-11f0-8fa9-02ae66e449fd -r AWSEBAutoScalingGroup --region ap-southeast-1
2025/10/21 11:55:28.481378 [INFO] Running command: /opt/aws/bin/cfn-get-metadata -s arn:aws:cloudformation:ap-southeast-1:974082559319:stack/awseb-e-2nzfb3xwfm-stack/9c272940-ae0f-11f0-8fa9-02ae66e449fd -r AWSEBBeanstalkMetadata --region ap-southeast-1
2025/10/21 11:55:28.776244 [INFO] checking whether command app-deploy is applicable to this instance...
2025/10/21 11:55:28.776257 [INFO] this command is applicable to the instance, thus instance should execute command
2025/10/21 11:55:28.776263 [INFO] Engine command: (app-deploy)

2025/10/21 11:55:28.776266 [INFO] Downloading EB Application...
2025/10/21 11:55:28.776268 [INFO] Region: ap-southeast-1
2025/10/21 11:55:28.776270 [INFO] envID: e-2nzfb3xwfm
2025/10/21 11:55:28.776273 [INFO] envBucket: elasticbeanstalk-ap-southeast-1-974082559319
2025/10/21 11:55:28.776274 [INFO] accountID: 974082559319
2025/10/21 11:55:28.776277 [INFO] Using manifest file name from command request
2025/10/21 11:55:28.776282 [INFO] Manifest name is : manifest_1761047706740
2025/10/21 11:55:28.776284 [INFO] Download app version manifest
2025/10/21 11:55:28.776447 [INFO] Downloading: bucket: elasticbeanstalk-ap-southeast-1-974082559319, object: resources/environments/e-2nzfb3xwfm/_runtime/versions/manifest_1761047706740, expected bucket owner: 974082559319
2025/10/21 11:55:28.815094 [INFO] Download successful149bytes downloaded
2025/10/21 11:55:28.815469 [INFO] Trying to read and parse version manifest...
2025/10/21 11:55:28.815723 [INFO] Downloading: bucket: elasticbeanstalk-ap-southeast-1-974082559319, object: resources/environments/e-2nzfb3xwfm/_runtime/_versions/jeceProject/code-pipeline-1761047699605-d52ec58e4b37eb6317b4fbfcf5cf01e89bc3a1c9, expected bucket owner: 974082559319
2025/10/21 11:55:28.847469 [INFO] Download successful49613bytes downloaded
2025/10/21 11:55:28.847778 [INFO] Executing instruction: ElectLeader
2025/10/21 11:55:28.847784 [INFO] Running leader election for instance i-00543c834804e9596...
2025/10/21 11:55:28.847786 [INFO] Calling the cfn-elect-cmd-leader to elect the command leader.
2025/10/21 11:55:28.847804 [INFO] Running command: /opt/aws/bin/cfn-elect-cmd-leader --stack arn:aws:cloudformation:ap-southeast-1:974082559319:stack/awseb-e-2nzfb3xwfm-stack/9c272940-ae0f-11f0-8fa9-02ae66e449fd --command-name ElasticBeanstalkCommand-AWSEBAutoScalingGroup --invocation-id c724727b-46fc-4952-ada5-4e554abb1c66 --listener-id i-00543c834804e9596 --region ap-southeast-1
2025/10/21 11:55:29.155017 [INFO] Instance is Leader.
2025/10/21 11:55:29.155059 [INFO] Executing instruction: stopSqsd
2025/10/21 11:55:29.155064 [INFO] This is a web server environment instance, skip stop sqsd daemon ...
2025/10/21 11:55:29.155067 [INFO] Executing instruction: PreBuildEbExtension
2025/10/21 11:55:29.155070 [INFO] Starting executing the config set Infra-EmbeddedPreBuild.
2025/10/21 11:55:29.155083 [INFO] Running command: /opt/aws/bin/cfn-init -s arn:aws:cloudformation:ap-southeast-1:974082559319:stack/awseb-e-2nzfb3xwfm-stack/9c272940-ae0f-11f0-8fa9-02ae66e449fd -r AWSEBAutoScalingGroup --region ap-southeast-1 --configsets Infra-EmbeddedPreBuild
2025/10/21 11:55:44.863704 [INFO] Error occurred during build: Yum does not have postgresql-devel available for installation

2025/10/21 11:55:44.863734 [ERROR] An error occurred during execution of command [app-deploy] - [PreBuildEbExtension]. Stop running the command. Error: EbExtension build failed. Please refer to /var/log/cfn-init.log for more details. 

2025/10/21 11:55:44.863739 [INFO] Executing cleanup logic
2025/10/21 11:55:44.863826 [INFO] CommandService Response: {"status":"FAILURE","api_version":"1.0","results":[{"status":"FAILURE","msg":"Engine execution has encountered an error.","returncode":1,"events":[{"msg":"Instance deployment failed. For details, see 'eb-engine.log'.","timestamp":1761047744863,"severity":"ERROR"}]}]}

2025/10/21 11:55:44.864991 [INFO] Platform Engine finished execution on command: app-deploy

2025/10/21 12:12:12.071429 [INFO] Starting...
2025/10/21 12:12:12.071476 [INFO] Starting EBPlatform-PlatformEngine
2025/10/21 12:12:12.071497 [INFO] reading event message file
2025/10/21 12:12:12.071955 [INFO] Engine received EB command cfn-hup-exec

2025/10/21 12:12:12.138447 [INFO] Running command: /opt/aws/bin/cfn-get-metadata -s arn:aws:cloudformation:ap-southeast-1:974082559319:stack/awseb-e-2nzfb3xwfm-stack/9c272940-ae0f-11f0-8fa9-02ae66e449fd -r AWSEBAutoScalingGroup --region ap-southeast-1
2025/10/21 12:12:12.450842 [INFO] Running command: /opt/aws/bin/cfn-get-metadata -s arn:aws:cloudformation:ap-southeast-1:974082559319:stack/awseb-e-2nzfb3xwfm-stack/9c272940-ae0f-11f0-8fa9-02ae66e449fd -r AWSEBBeanstalkMetadata --region ap-southeast-1
2025/10/21 12:12:12.754525 [INFO] checking whether command app-deploy is applicable to this instance...
2025/10/21 12:12:12.754537 [INFO] this command is applicable to the instance, thus instance should execute command
2025/10/21 12:12:12.754540 [INFO] Engine command: (app-deploy)

2025/10/21 12:12:12.754545 [INFO] Downloading EB Application...
2025/10/21 12:12:12.754548 [INFO] Region: ap-southeast-1
2025/10/21 12:12:12.754551 [INFO] envID: e-2nzfb3xwfm
2025/10/21 12:12:12.754554 [INFO] envBucket: elasticbeanstalk-ap-southeast-1-974082559319
2025/10/21 12:12:12.754557 [INFO] accountID: 974082559319
2025/10/21 12:12:12.754561 [INFO] Using manifest file name from command request
2025/10/21 12:12:12.754568 [INFO] Manifest name is : manifest_1761048710622
2025/10/21 12:12:12.754570 [INFO] Download app version manifest
2025/10/21 12:12:12.754743 [INFO] Downloading: bucket: elasticbeanstalk-ap-southeast-1-974082559319, object: resources/environments/e-2nzfb3xwfm/_runtime/versions/manifest_1761048710622, expected bucket owner: 974082559319
2025/10/21 12:12:12.793228 [INFO] Download successful149bytes downloaded
2025/10/21 12:12:12.793373 [INFO] Trying to read and parse version manifest...
2025/10/21 12:12:12.793455 [INFO] Downloading: bucket: elasticbeanstalk-ap-southeast-1-974082559319, object: resources/environments/e-2nzfb3xwfm/_runtime/_versions/jeceProject/code-pipeline-1761048703424-4e2c71b88694f43ba3a74eb9549012f33092da43, expected bucket owner: 974082559319
2025/10/21 12:12:12.813723 [INFO] Download successful49641bytes downloaded
2025/10/21 12:12:12.813983 [INFO] Executing instruction: ElectLeader
2025/10/21 12:12:12.813989 [INFO] Running leader election for instance i-00543c834804e9596...
2025/10/21 12:12:12.813991 [INFO] Calling the cfn-elect-cmd-leader to elect the command leader.
2025/10/21 12:12:12.814002 [INFO] Running command: /opt/aws/bin/cfn-elect-cmd-leader --stack arn:aws:cloudformation:ap-southeast-1:974082559319:stack/awseb-e-2nzfb3xwfm-stack/9c272940-ae0f-11f0-8fa9-02ae66e449fd --command-name ElasticBeanstalkCommand-AWSEBAutoScalingGroup --invocation-id 55f26779-5ba8-4b01-abff-532a688d8762 --listener-id i-00543c834804e9596 --region ap-southeast-1
2025/10/21 12:12:13.129916 [INFO] Instance is Leader.
2025/10/21 12:12:13.129957 [INFO] Executing instruction: stopSqsd
2025/10/21 12:12:13.129961 [INFO] This is a web server environment instance, skip stop sqsd daemon ...
2025/10/21 12:12:13.129964 [INFO] Executing instruction: PreBuildEbExtension
2025/10/21 12:12:13.129967 [INFO] Starting executing the config set Infra-EmbeddedPreBuild.
2025/10/21 12:12:13.129978 [INFO] Running command: /opt/aws/bin/cfn-init -s arn:aws:cloudformation:ap-southeast-1:974082559319:stack/awseb-e-2nzfb3xwfm-stack/9c272940-ae0f-11f0-8fa9-02ae66e449fd -r AWSEBAutoScalingGroup --region ap-southeast-1 --configsets Infra-EmbeddedPreBuild
2025/10/21 12:12:28.832383 [INFO] Error occurred during build: Yum does not have postgresql-devel available for installation

2025/10/21 12:12:28.832413 [ERROR] An error occurred during execution of command [app-deploy] - [PreBuildEbExtension]. Stop running the command. Error: EbExtension build failed. Please refer to /var/log/cfn-init.log for more details. 

2025/10/21 12:12:28.832416 [INFO] Executing cleanup logic
2025/10/21 12:12:28.832495 [INFO] CommandService Response: {"status":"FAILURE","api_version":"1.0","results":[{"status":"FAILURE","msg":"Engine execution has encountered an error.","returncode":1,"events":[{"msg":"Instance deployment failed. For details, see 'eb-engine.log'.","timestamp":1761048748832,"severity":"ERROR"}]}]}

2025/10/21 12:12:28.833881 [INFO] Platform Engine finished execution on command: app-deploy

2025/10/21 12:15:07.515409 [INFO] Starting...
2025/10/21 12:15:07.515458 [INFO] Starting EBPlatform-PlatformEngine
2025/10/21 12:15:07.515480 [INFO] reading event message file
2025/10/21 12:15:07.515805 [INFO] Engine received EB command cfn-hup-exec

2025/10/21 12:15:07.579525 [INFO] Running command: /opt/aws/bin/cfn-get-metadata -s arn:aws:cloudformation:ap-southeast-1:974082559319:stack/awseb-e-2nzfb3xwfm-stack/9c272940-ae0f-11f0-8fa9-02ae66e449fd -r AWSEBAutoScalingGroup --region ap-southeast-1
2025/10/21 12:15:07.881242 [INFO] Running command: /opt/aws/bin/cfn-get-metadata -s arn:aws:cloudformation:ap-southeast-1:974082559319:stack/awseb-e-2nzfb3xwfm-stack/9c272940-ae0f-11f0-8fa9-02ae66e449fd -r AWSEBBeanstalkMetadata --region ap-southeast-1
2025/10/21 12:15:08.177869 [INFO] checking whether command config-deploy is applicable to this instance...
2025/10/21 12:15:08.177881 [INFO] this command is applicable to the instance, thus instance should execute command
2025/10/21 12:15:08.177884 [INFO] Engine command: (config-deploy)

2025/10/21 12:15:08.177888 [INFO] Using manifest file name from command request
2025/10/21 12:15:08.177895 [INFO] Unable to get version manifest file.
2025/10/21 12:15:08.177898 [INFO] Downloading latest manifest available.
2025/10/21 12:15:08.177930 [INFO] Download latest app version manifest
2025/10/21 12:15:08.178062 [INFO] resources/environments/e-2nzfb3xwfm/_runtime/versions/manifest
2025/10/21 12:15:08.219810 [INFO] latestManifest key *: resources/environments/e-2nzfb3xwfm/_runtime/versions/manifest_1761048886636

2025/10/21 12:15:08.220021 [INFO] Downloading: bucket: elasticbeanstalk-ap-southeast-1-974082559319, object: resources/environments/e-2nzfb3xwfm/_runtime/versions/manifest_1761048886636, expected bucket owner: 974082559319
2025/10/21 12:15:08.258430 [INFO] Download successful50bytes downloaded
2025/10/21 12:15:08.258576 [INFO] Trying to read and parse version manifest...
2025/10/21 12:15:08.258718 [INFO] Executing instruction: stopSqsd
2025/10/21 12:15:08.258723 [INFO] This is a web server environment instance, skip stop sqsd daemon ...
2025/10/21 12:15:08.258725 [INFO] Executing instruction: StageApplication
2025/10/21 12:15:08.258727 [INFO] Recreating /var/app/staging/
2025/10/21 12:15:08.259737 [INFO] extracting /opt/elasticbeanstalk/deployment/app_source_bundle to /var/app/staging/
2025/10/21 12:15:08.259751 [INFO] Running command: /usr/bin/unzip -q -o /opt/elasticbeanstalk/deployment/app_source_bundle -d /var/app/staging/
2025/10/21 12:15:08.266477 [INFO] finished extracting /opt/elasticbeanstalk/deployment/app_source_bundle to /var/app/staging/ successfully
2025/10/21 12:15:08.267579 [INFO] Executing instruction: RunConfigDeployPreBuildHooks
2025/10/21 12:15:08.267602 [INFO] Executing platform hooks in .platform/confighooks/prebuild/
2025/10/21 12:15:08.267618 [INFO] The dir .platform/confighooks/prebuild/ does not exist
2025/10/21 12:15:08.267621 [INFO] Finished running scripts in /var/app/staging/.platform/confighooks/prebuild
2025/10/21 12:15:08.267625 [INFO] Executing instruction: InstallDependency
2025/10/21 12:15:08.267629 [INFO] checking dependencies file
2025/10/21 12:15:08.267642 [INFO] Installing dependencies with requirements.txt by using Pip
2025/10/21 12:15:08.267653 [INFO] Running command: /var/app/venv/staging-LQM1lest/bin/pip install -r requirements.txt
2025/10/21 12:15:16.669278 [INFO] Collecting aiodns==3.4.0 (from -r requirements.txt (line 1))
  Using cached aiodns-3.4.0-py3-none-any.whl.metadata (4.7 kB)
Collecting aiohappyeyeballs==2.6.1 (from -r requirements.txt (line 2))
  Using cached aiohappyeyeballs-2.6.1-py3-none-any.whl.metadata (5.9 kB)
Collecting aiohttp==3.12.0 (from -r requirements.txt (line 3))
  Using cached aiohttp-3.12.0-cp313-cp313-manylinux_2_17_x86_64.manylinux2014_x86_64.whl.metadata (7.6 kB)
Collecting aiosignal==1.3.2 (from -r requirements.txt (line 4))
  Using cached aiosignal-1.3.2-py2.py3-none-any.whl.metadata (3.8 kB)
Collecting annotated-types==0.7.0 (from -r requirements.txt (line 5))
  Using cached annotated_types-0.7.0-py3-none-any.whl.metadata (15 kB)
Collecting ansicon==1.89.0 (from -r requirements.txt (line 6))
  Using cached ansicon-1.89.0-py2.py3-none-any.whl.metadata (2.8 kB)
Collecting anyio==4.9.0 (from -r requirements.txt (line 7))
  Using cached anyio-4.9.0-py3-none-any.whl.metadata (4.7 kB)
Collecting asgiref==3.9.2 (from -r requirements.txt (line 8))
  Using cached asgiref-3.9.2-py3-none-any.whl.metadata (9.3 kB)
Collecting astroid==3.3.11 (from -r requirements.txt (line 9))
  Using cached astroid-3.3.11-py3-none-any.whl.metadata (4.4 kB)
Collecting asyncio==3.4.3 (from -r requirements.txt (line 10))
  Using cached asyncio-3.4.3-py3-none-any.whl.metadata (1.7 kB)
Collecting attrs==25.3.0 (from -r requirements.txt (line 11))
  Using cached attrs-25.3.0-py3-none-any.whl.metadata (10 kB)
Collecting awsebcli==3.25.1 (from -r requirements.txt (line 12))
  Using cached awsebcli-3.25.1.tar.gz (323 kB)
  Installing build dependencies: started
  Installing build dependencies: finished with status 'done'
  Getting requirements to build wheel: started
  Getting requirements to build wheel: finished with status 'done'
  Preparing metadata (pyproject.toml): started
  Preparing metadata (pyproject.toml): finished with status 'done'
Collecting bcrypt==5.0.0 (from -r requirements.txt (line 13))
  Using cached bcrypt-5.0.0-cp39-abi3-manylinux_2_34_x86_64.whl.metadata (10 kB)
Collecting black==25.1.0 (from -r requirements.txt (line 14))
  Using cached black-25.1.0-cp313-cp313-manylinux_2_17_x86_64.manylinux2014_x86_64.manylinux_2_28_x86_64.whl.metadata (81 kB)
Collecting blessed==1.22.0 (from -r requirements.txt (line 15))
  Using cached blessed-1.22.0-py2.py3-none-any.whl.metadata (13 kB)
Collecting blinker==1.9.0 (from -r requirements.txt (line 16))
  Using cached blinker-1.9.0-py3-none-any.whl.metadata (1.6 kB)
Collecting boto3==1.40.10 (from -r requirements.txt (line 17))
  Using cached boto3-1.40.10-py3-none-any.whl.metadata (6.7 kB)
Collecting botocore==1.40.10 (from -r requirements.txt (line 18))
  Using cached botocore-1.40.10-py3-none-any.whl.metadata (5.7 kB)
Collecting ccxt==4.4.85 (from -r requirements.txt (line 19))
  Using cached ccxt-4.4.85-py2.py3-none-any.whl.metadata (127 kB)
Collecting cement==2.10.14 (from -r requirements.txt (line 20))
  Using cached cement-2.10.14-py3-none-any.whl.metadata (3.5 kB)
Collecting certifi==2025.8.3 (from -r requirements.txt (line 21))
  Using cached certifi-2025.8.3-py3-none-any.whl.metadata (2.4 kB)
Collecting cffi==1.17.1 (from -r requirements.txt (line 22))
  Using cached cffi-1.17.1-cp313-cp313-manylinux_2_17_x86_64.manylinux2014_x86_64.whl.metadata (1.5 kB)
Collecting charset-normalizer==3.4.3 (from -r requirements.txt (line 23))
  Using cached charset_normalizer-3.4.3-cp313-cp313-manylinux2014_x86_64.manylinux_2_17_x86_64.manylinux_2_28_x86_64.whl.metadata (36 kB)
Collecting click==8.2.1 (from -r requirements.txt (line 24))
  Using cached click-8.2.1-py3-none-any.whl.metadata (2.5 kB)
Collecting clr_loader==0.2.8 (from -r requirements.txt (line 25))
  Using cached clr_loader-0.2.8-py3-none-any.whl.metadata (1.5 kB)
Collecting colorama==0.4.6 (from -r requirements.txt (line 26))
  Using cached colorama-0.4.6-py2.py3-none-any.whl.metadata (17 kB)
Collecting cryptography==45.0.3 (from -r requirements.txt (line 27))
  Using cached cryptography-45.0.3-cp311-abi3-manylinux_2_34_x86_64.whl.metadata (5.7 kB)
Collecting dateparser==1.2.1 (from -r requirements.txt (line 28))
  Using cached dateparser-1.2.1-py3-none-any.whl.metadata (29 kB)
Collecting decorator==5.2.1 (from -r requirements.txt (line 29))
  Using cached decorator-5.2.1-py3-none-any.whl.metadata (3.9 kB)
Collecting Deprecated==1.2.18 (from -r requirements.txt (line 30))
  Using cached Deprecated-1.2.18-py2.py3-none-any.whl.metadata (5.7 kB)
Collecting dill==0.4.0 (from -r requirements.txt (line 31))
  Using cached dill-0.4.0-py3-none-any.whl.metadata (10 kB)
Collecting dj-database-url==3.0.1 (from -r requirements.txt (line 32))
  Using cached dj_database_url-3.0.1-py3-none-any.whl.metadata (14 kB)
Collecting Django==5.2.6 (from -r requirements.txt (line 33))
  Using cached django-5.2.6-py3-none-any.whl.metadata (4.1 kB)
Collecting django-cors-headers==4.7.0 (from -r requirements.txt (line 34))
  Using cached django_cors_headers-4.7.0-py3-none-any.whl.metadata (16 kB)
Collecting django-filter==25.2 (from -r requirements.txt (line 35))
  Using cached django_filter-25.2-py3-none-any.whl.metadata (5.1 kB)
Collecting django-graphql-jwt==0.4.0 (from -r requirements.txt (line 36))
  Using cached django_graphql_jwt-0.4.0-py3-none-any.whl.metadata (4.8 kB)
Collecting django-storages==1.14.6 (from -r requirements.txt (line 37))
  Using cached django_storages-1.14.6-py3-none-any.whl.metadata (4.7 kB)
Collecting django-stubs==5.2.7 (from -r requirements.txt (line 38))
  Using cached django_stubs-5.2.7-py3-none-any.whl.metadata (20 kB)
Collecting django-stubs-ext==5.2.7 (from -r requirements.txt (line 39))
  Using cached django_stubs_ext-5.2.7-py3-none-any.whl.metadata (3.6 kB)
Collecting djangorestframework==3.16.1 (from -r requirements.txt (line 40))
  Using cached djangorestframework-3.16.1-py3-none-any.whl.metadata (11 kB)
Collecting djangorestframework_simplejwt==5.5.1 (from -r requirements.txt (line 41))
  Using cached djangorestframework_simplejwt-5.5.1-py3-none-any.whl.metadata (4.6 kB)
Collecting dotenv==0.9.9 (from -r requirements.txt (line 42))
  Using cached dotenv-0.9.9-py2.py3-none-any.whl.metadata (279 bytes)
Collecting fabric==3.2.2 (from -r requirements.txt (line 43))
  Using cached fabric-3.2.2-py3-none-any.whl.metadata (3.5 kB)
Collecting filelock==3.18.0 (from -r requirements.txt (line 44))
  Using cached filelock-3.18.0-py3-none-any.whl.metadata (2.9 kB)
Collecting Flask==3.1.1 (from -r requirements.txt (line 45))
  Using cached flask-3.1.1-py3-none-any.whl.metadata (3.0 kB)
Collecting frozenlist==1.6.0 (from -r requirements.txt (line 46))
  Using cached frozenlist-1.6.0-cp313-cp313-manylinux_2_5_x86_64.manylinux1_x86_64.manylinux_2_17_x86_64.manylinux2014_x86_64.whl.metadata (16 kB)
Collecting fsspec==2025.5.1 (from -r requirements.txt (line 47))
  Using cached fsspec-2025.5.1-py3-none-any.whl.metadata (11 kB)
Collecting graphene==3.4.3 (from -r requirements.txt (line 48))
  Using cached graphene-3.4.3-py2.py3-none-any.whl.metadata (6.9 kB)
Collecting graphene-django==3.2.3 (from -r requirements.txt (line 49))
  Using cached graphene_django-3.2.3-py2.py3-none-any.whl.metadata (8.2 kB)
Collecting graphql-core==3.2.6 (from -r requirements.txt (line 50))
  Using cached graphql_core-3.2.6-py3-none-any.whl.metadata (11 kB)
Collecting graphql-relay==3.2.0 (from -r requirements.txt (line 51))
  Using cached graphql_relay-3.2.0-py3-none-any.whl.metadata (12 kB)
Requirement already satisfied: gunicorn==23.0.0 in /var/app/venv/staging-LQM1lest/lib64/python3.13/site-packages (from -r requirements.txt (line 52)) (23.0.0)
Collecting h11==0.16.0 (from -r requirements.txt (line 53))
  Using cached h11-0.16.0-py3-none-any.whl.metadata (8.3 kB)
Collecting httpcore==1.0.9 (from -r requirements.txt (line 54))
  Using cached httpcore-1.0.9-py3-none-any.whl.metadata (21 kB)
Collecting httpx==0.28.1 (from -r requirements.txt (line 55))
  Using cached httpx-0.28.1-py3-none-any.whl.metadata (7.1 kB)
Collecting idna==3.10 (from -r requirements.txt (line 56))
  Using cached idna-3.10-py3-none-any.whl.metadata (10 kB)
Collecting iniconfig==2.1.0 (from -r requirements.txt (line 57))
  Using cached iniconfig-2.1.0-py3-none-any.whl.metadata (2.7 kB)
Collecting invoke==2.2.1 (from -r requirements.txt (line 58))
  Using cached invoke-2.2.1-py3-none-any.whl.metadata (3.3 kB)
Collecting isort==6.0.1 (from -r requirements.txt (line 59))
  Using cached isort-6.0.1-py3-none-any.whl.metadata (11 kB)
Collecting itsdangerous==2.2.0 (from -r requirements.txt (line 60))
  Using cached itsdangerous-2.2.0-py3-none-any.whl.metadata (1.9 kB)
Collecting Jinja2==3.1.6 (from -r requirements.txt (line 61))
  Using cached jinja2-3.1.6-py3-none-any.whl.metadata (2.9 kB)
Collecting jinxed==1.3.0 (from -r requirements.txt (line 62))
  Using cached jinxed-1.3.0-py2.py3-none-any.whl.metadata (4.7 kB)
Collecting jmespath==1.0.1 (from -r requirements.txt (line 63))
  Using cached jmespath-1.0.1-py3-none-any.whl.metadata (7.6 kB)
Collecting JSON-log-formatter==1.1.1 (from -r requirements.txt (line 64))
  Using cached json_log_formatter-1.1.1.tar.gz (5.9 kB)
  Installing build dependencies: started
  Installing build dependencies: finished with status 'done'
  Getting requirements to build wheel: started
  Getting requirements to build wheel: finished with status 'done'
  Preparing metadata (pyproject.toml): started
  Preparing metadata (pyproject.toml): finished with status 'done'
Collecting loguru==0.7.3 (from -r requirements.txt (line 65))
  Using cached loguru-0.7.3-py3-none-any.whl.metadata (22 kB)
Collecting MarkupSafe==3.0.2 (from -r requirements.txt (line 66))
  Using cached MarkupSafe-3.0.2-cp313-cp313-manylinux_2_17_x86_64.manylinux2014_x86_64.whl.metadata (4.0 kB)
Collecting mccabe==0.7.0 (from -r requirements.txt (line 67))
  Using cached mccabe-0.7.0-py2.py3-none-any.whl.metadata (5.0 kB)
Collecting mpmath==1.3.0 (from -r requirements.txt (line 68))
  Using cached mpmath-1.3.0-py3-none-any.whl.metadata (8.6 kB)
Collecting multidict==6.4.4 (from -r requirements.txt (line 69))
  Using cached multidict-6.4.4-cp313-cp313-manylinux_2_17_x86_64.manylinux2014_x86_64.whl.metadata (5.3 kB)
Collecting mypy==1.17.1 (from -r requirements.txt (line 70))
  Using cached mypy-1.17.1-cp313-cp313-manylinux2014_x86_64.manylinux_2_17_x86_64.manylinux_2_28_x86_64.whl.metadata (2.2 kB)
Collecting mypy_extensions==1.1.0 (from -r requirements.txt (line 71))
  Using cached mypy_extensions-1.1.0-py3-none-any.whl.metadata (1.1 kB)
Collecting networkx==3.5 (from -r requirements.txt (line 72))
  Using cached networkx-3.5-py3-none-any.whl.metadata (6.3 kB)
Collecting numpy==2.2.6 (from -r requirements.txt (line 73))
  Using cached numpy-2.2.6-cp313-cp313-manylinux_2_17_x86_64.manylinux2014_x86_64.whl.metadata (62 kB)
Collecting packaging==24.2 (from -r requirements.txt (line 74))
  Using cached packaging-24.2-py3-none-any.whl.metadata (3.2 kB)
Collecting pandas==2.2.3 (from -r requirements.txt (line 75))
  Using cached pandas-2.2.3-cp313-cp313-manylinux_2_17_x86_64.manylinux2014_x86_64.whl.metadata (89 kB)

2025/10/21 12:15:16.669350 [INFO] ERROR: Ignored the following versions that require a different python version: 1.21.2 Requires-Python >=3.7,<3.11; 1.21.3 Requires-Python >=3.7,<3.11; 1.21.4 Requires-Python >=3.7,<3.11; 1.21.5 Requires-Python >=3.7,<3.11; 1.21.6 Requires-Python >=3.7,<3.11; 1.26.0 Requires-Python >=3.9,<3.13; 1.26.1 Requires-Python >=3.9,<3.13; 4.4.0 Requires-Python >=3.6,<3.9
ERROR: Could not find a version that satisfies the requirement pandas_ta==0.3.14b0 (from versions: 0.4.67b0, 0.4.71b0)
ERROR: No matching distribution found for pandas_ta==0.3.14b0

2025/10/21 12:15:16.669363 [ERROR] An error occurred during execution of command [config-deploy] - [InstallDependency]. Stop running the command. Error: fail to install dependencies with requirements.txt file with error Command /var/app/venv/staging-LQM1lest/bin/pip install -r requirements.txt failed with error exit status 1. Stderr:ERROR: Ignored the following versions that require a different python version: 1.21.2 Requires-Python >=3.7,<3.11; 1.21.3 Requires-Python >=3.7,<3.11; 1.21.4 Requires-Python >=3.7,<3.11; 1.21.5 Requires-Python >=3.7,<3.11; 1.21.6 Requires-Python >=3.7,<3.11; 1.26.0 Requires-Python >=3.9,<3.13; 1.26.1 Requires-Python >=3.9,<3.13; 4.4.0 Requires-Python >=3.6,<3.9
ERROR: Could not find a version that satisfies the requirement pandas_ta==0.3.14b0 (from versions: 0.4.67b0, 0.4.71b0)
ERROR: No matching distribution found for pandas_ta==0.3.14b0
 

2025/10/21 12:15:16.669367 [INFO] Executing cleanup logic
2025/10/21 12:15:16.669457 [INFO] CommandService Response: {"status":"FAILURE","api_version":"1.0","results":[{"status":"FAILURE","msg":"Engine execution has encountered an error.","returncode":1,"events":[{"msg":"Instance deployment failed to install application dependencies. The deployment failed.","timestamp":1761048916669,"severity":"ERROR"},{"msg":"Instance deployment failed. For details, see 'eb-engine.log'.","timestamp":1761048916669,"severity":"ERROR"}]}]}

2025/10/21 12:15:16.670636 [INFO] Platform Engine finished execution on command: config-deploy

2025/10/21 12:47:13.994303 [INFO] Starting...
2025/10/21 12:47:13.994357 [INFO] Starting EBPlatform-PlatformEngine
2025/10/21 12:47:13.994381 [INFO] reading event message file
2025/10/21 12:47:13.994719 [INFO] Engine received EB command cfn-hup-exec

2025/10/21 12:47:14.064720 [INFO] Running command: /opt/aws/bin/cfn-get-metadata -s arn:aws:cloudformation:ap-southeast-1:974082559319:stack/awseb-e-2nzfb3xwfm-stack/9c272940-ae0f-11f0-8fa9-02ae66e449fd -r AWSEBAutoScalingGroup --region ap-southeast-1
2025/10/21 12:47:14.379472 [INFO] Running command: /opt/aws/bin/cfn-get-metadata -s arn:aws:cloudformation:ap-southeast-1:974082559319:stack/awseb-e-2nzfb3xwfm-stack/9c272940-ae0f-11f0-8fa9-02ae66e449fd -r AWSEBBeanstalkMetadata --region ap-southeast-1
2025/10/21 12:47:14.680632 [INFO] checking whether command app-deploy is applicable to this instance...
2025/10/21 12:47:14.680650 [INFO] this command is applicable to the instance, thus instance should execute command
2025/10/21 12:47:14.680653 [INFO] Engine command: (app-deploy)

2025/10/21 12:47:14.680658 [INFO] Downloading EB Application...
2025/10/21 12:47:14.680661 [INFO] Region: ap-southeast-1
2025/10/21 12:47:14.680664 [INFO] envID: e-2nzfb3xwfm
2025/10/21 12:47:14.680666 [INFO] envBucket: elasticbeanstalk-ap-southeast-1-974082559319
2025/10/21 12:47:14.680675 [INFO] accountID: 974082559319
2025/10/21 12:47:14.680678 [INFO] Using manifest file name from command request
2025/10/21 12:47:14.680686 [INFO] Manifest name is : manifest_1761050812366
2025/10/21 12:47:14.680688 [INFO] Download app version manifest
2025/10/21 12:47:14.680899 [INFO] Downloading: bucket: elasticbeanstalk-ap-southeast-1-974082559319, object: resources/environments/e-2nzfb3xwfm/_runtime/versions/manifest_1761050812366, expected bucket owner: 974082559319
2025/10/21 12:47:14.719228 [INFO] Download successful150bytes downloaded
2025/10/21 12:47:14.719354 [INFO] Trying to read and parse version manifest...
2025/10/21 12:47:14.719422 [INFO] Downloading: bucket: elasticbeanstalk-ap-southeast-1-974082559319, object: resources/environments/e-2nzfb3xwfm/_runtime/_versions/jeceProject/code-pipeline-1761050804876-de8e1ac3982bc9bbf61c85eb0388f111cfa9afc3, expected bucket owner: 974082559319
2025/10/21 12:47:14.736734 [INFO] Download successful49823bytes downloaded
2025/10/21 12:47:14.736984 [INFO] Executing instruction: ElectLeader
2025/10/21 12:47:14.736990 [INFO] Running leader election for instance i-00543c834804e9596...
2025/10/21 12:47:14.736993 [INFO] Calling the cfn-elect-cmd-leader to elect the command leader.
2025/10/21 12:47:14.737002 [INFO] Running command: /opt/aws/bin/cfn-elect-cmd-leader --stack arn:aws:cloudformation:ap-southeast-1:974082559319:stack/awseb-e-2nzfb3xwfm-stack/9c272940-ae0f-11f0-8fa9-02ae66e449fd --command-name ElasticBeanstalkCommand-AWSEBAutoScalingGroup --invocation-id 5237b15d-1c43-4705-92e7-07516bf47080 --listener-id i-00543c834804e9596 --region ap-southeast-1
2025/10/21 12:47:15.060196 [INFO] Instance is Leader.
2025/10/21 12:47:15.060277 [INFO] Executing instruction: stopSqsd
2025/10/21 12:47:15.060283 [INFO] This is a web server environment instance, skip stop sqsd daemon ...
2025/10/21 12:47:15.060285 [INFO] Executing instruction: PreBuildEbExtension
2025/10/21 12:47:15.060288 [INFO] Starting executing the config set Infra-EmbeddedPreBuild.
2025/10/21 12:47:15.060300 [INFO] Running command: /opt/aws/bin/cfn-init -s arn:aws:cloudformation:ap-southeast-1:974082559319:stack/awseb-e-2nzfb3xwfm-stack/9c272940-ae0f-11f0-8fa9-02ae66e449fd -r AWSEBAutoScalingGroup --region ap-southeast-1 --configsets Infra-EmbeddedPreBuild
2025/10/21 12:47:30.706691 [INFO] Error occurred during build: Yum does not have postgresql-devel available for installation

2025/10/21 12:47:30.706721 [ERROR] An error occurred during execution of command [app-deploy] - [PreBuildEbExtension]. Stop running the command. Error: EbExtension build failed. Please refer to /var/log/cfn-init.log for more details. 

2025/10/21 12:47:30.706726 [INFO] Executing cleanup logic
2025/10/21 12:47:30.706804 [INFO] CommandService Response: {"status":"FAILURE","api_version":"1.0","results":[{"status":"FAILURE","msg":"Engine execution has encountered an error.","returncode":1,"events":[{"msg":"Instance deployment failed. For details, see 'eb-engine.log'.","timestamp":1761050850706,"severity":"ERROR"}]}]}

2025/10/21 12:47:30.708121 [INFO] Platform Engine finished execution on command: app-deploy

2025/10/21 12:51:11.573031 [INFO] Starting...
2025/10/21 12:51:11.573082 [INFO] Starting EBPlatform-PlatformEngine
2025/10/21 12:51:11.573104 [INFO] reading event message file
2025/10/21 12:51:11.573447 [INFO] Engine received EB command cfn-hup-exec

2025/10/21 12:51:11.640065 [INFO] Running command: /opt/aws/bin/cfn-get-metadata -s arn:aws:cloudformation:ap-southeast-1:974082559319:stack/awseb-e-2nzfb3xwfm-stack/9c272940-ae0f-11f0-8fa9-02ae66e449fd -r AWSEBAutoScalingGroup --region ap-southeast-1
2025/10/21 12:51:11.938523 [INFO] Running command: /opt/aws/bin/cfn-get-metadata -s arn:aws:cloudformation:ap-southeast-1:974082559319:stack/awseb-e-2nzfb3xwfm-stack/9c272940-ae0f-11f0-8fa9-02ae66e449fd -r AWSEBBeanstalkMetadata --region ap-southeast-1
2025/10/21 12:51:12.226253 [INFO] checking whether command app-deploy is applicable to this instance...
2025/10/21 12:51:12.226269 [INFO] this command is applicable to the instance, thus instance should execute command
2025/10/21 12:51:12.226272 [INFO] Engine command: (app-deploy)

2025/10/21 12:51:12.226275 [INFO] Downloading EB Application...
2025/10/21 12:51:12.226278 [INFO] Region: ap-southeast-1
2025/10/21 12:51:12.226280 [INFO] envID: e-2nzfb3xwfm
2025/10/21 12:51:12.226282 [INFO] envBucket: elasticbeanstalk-ap-southeast-1-974082559319
2025/10/21 12:51:12.226284 [INFO] accountID: 974082559319
2025/10/21 12:51:12.226286 [INFO] Using manifest file name from command request
2025/10/21 12:51:12.226291 [INFO] Manifest name is : manifest_1761051049156
2025/10/21 12:51:12.226293 [INFO] Download app version manifest
2025/10/21 12:51:12.226482 [INFO] Downloading: bucket: elasticbeanstalk-ap-southeast-1-974082559319, object: resources/environments/e-2nzfb3xwfm/_runtime/versions/manifest_1761051049156, expected bucket owner: 974082559319
2025/10/21 12:51:12.260906 [INFO] Download successful150bytes downloaded
2025/10/21 12:51:12.261047 [INFO] Trying to read and parse version manifest...
2025/10/21 12:51:12.261117 [INFO] Downloading: bucket: elasticbeanstalk-ap-southeast-1-974082559319, object: resources/environments/e-2nzfb3xwfm/_runtime/_versions/jeceProject/code-pipeline-1761051041171-75362a11ada5ba47dc731d0f40f59071f077de91, expected bucket owner: 974082559319
2025/10/21 12:51:12.280845 [INFO] Download successful50235bytes downloaded
2025/10/21 12:51:12.281102 [INFO] Executing instruction: ElectLeader
2025/10/21 12:51:12.281108 [INFO] Running leader election for instance i-00543c834804e9596...
2025/10/21 12:51:12.281110 [INFO] Calling the cfn-elect-cmd-leader to elect the command leader.
2025/10/21 12:51:12.281120 [INFO] Running command: /opt/aws/bin/cfn-elect-cmd-leader --stack arn:aws:cloudformation:ap-southeast-1:974082559319:stack/awseb-e-2nzfb3xwfm-stack/9c272940-ae0f-11f0-8fa9-02ae66e449fd --command-name ElasticBeanstalkCommand-AWSEBAutoScalingGroup --invocation-id 066aebd7-1323-40ea-b540-6a3dbc5888bb --listener-id i-00543c834804e9596 --region ap-southeast-1
2025/10/21 12:51:12.583031 [INFO] Instance is Leader.
2025/10/21 12:51:12.583071 [INFO] Executing instruction: stopSqsd
2025/10/21 12:51:12.583076 [INFO] This is a web server environment instance, skip stop sqsd daemon ...
2025/10/21 12:51:12.583079 [INFO] Executing instruction: PreBuildEbExtension
2025/10/21 12:51:12.583082 [INFO] Starting executing the config set Infra-EmbeddedPreBuild.
2025/10/21 12:51:12.583094 [INFO] Running command: /opt/aws/bin/cfn-init -s arn:aws:cloudformation:ap-southeast-1:974082559319:stack/awseb-e-2nzfb3xwfm-stack/9c272940-ae0f-11f0-8fa9-02ae66e449fd -r AWSEBAutoScalingGroup --region ap-southeast-1 --configsets Infra-EmbeddedPreBuild
2025/10/21 12:51:28.198661 [INFO] Error occurred during build: Yum does not have postgresql-devel available for installation

2025/10/21 12:51:28.198687 [ERROR] An error occurred during execution of command [app-deploy] - [PreBuildEbExtension]. Stop running the command. Error: EbExtension build failed. Please refer to /var/log/cfn-init.log for more details. 

2025/10/21 12:51:28.198690 [INFO] Executing cleanup logic
2025/10/21 12:51:28.198766 [INFO] CommandService Response: {"status":"FAILURE","api_version":"1.0","results":[{"status":"FAILURE","msg":"Engine execution has encountered an error.","returncode":1,"events":[{"msg":"Instance deployment failed. For details, see 'eb-engine.log'.","timestamp":1761051088198,"severity":"ERROR"}]}]}

2025/10/21 12:51:28.199701 [INFO] Platform Engine finished execution on command: app-deploy

2025/10/21 12:56:37.892061 [INFO] Starting...
2025/10/21 12:56:37.892108 [INFO] Starting EBPlatform-PlatformEngine
2025/10/21 12:56:37.892128 [INFO] reading event message file
2025/10/21 12:56:37.892437 [INFO] Engine received EB command cfn-hup-exec

2025/10/21 12:56:37.981628 [INFO] Running command: /opt/aws/bin/cfn-get-metadata -s arn:aws:cloudformation:ap-southeast-1:974082559319:stack/awseb-e-2nzfb3xwfm-stack/9c272940-ae0f-11f0-8fa9-02ae66e449fd -r AWSEBAutoScalingGroup --region ap-southeast-1
2025/10/21 12:56:38.285523 [INFO] Running command: /opt/aws/bin/cfn-get-metadata -s arn:aws:cloudformation:ap-southeast-1:974082559319:stack/awseb-e-2nzfb3xwfm-stack/9c272940-ae0f-11f0-8fa9-02ae66e449fd -r AWSEBBeanstalkMetadata --region ap-southeast-1
2025/10/21 12:56:38.588460 [INFO] checking whether command config-deploy is applicable to this instance...
2025/10/21 12:56:38.588472 [INFO] this command is applicable to the instance, thus instance should execute command
2025/10/21 12:56:38.588476 [INFO] Engine command: (config-deploy)

2025/10/21 12:56:38.588480 [INFO] Using manifest file name from command request
2025/10/21 12:56:38.588485 [INFO] Unable to get version manifest file.
2025/10/21 12:56:38.588487 [INFO] Downloading latest manifest available.
2025/10/21 12:56:38.588489 [INFO] Download latest app version manifest
2025/10/21 12:56:38.588788 [INFO] resources/environments/e-2nzfb3xwfm/_runtime/versions/manifest
2025/10/21 12:56:38.628157 [INFO] latestManifest key *: resources/environments/e-2nzfb3xwfm/_runtime/versions/manifest_1761051377399

2025/10/21 12:56:38.628368 [INFO] Downloading: bucket: elasticbeanstalk-ap-southeast-1-974082559319, object: resources/environments/e-2nzfb3xwfm/_runtime/versions/manifest_1761051377399, expected bucket owner: 974082559319
2025/10/21 12:56:38.662822 [INFO] Download successful51bytes downloaded
2025/10/21 12:56:38.662942 [INFO] Trying to read and parse version manifest...
2025/10/21 12:56:38.663080 [INFO] Executing instruction: stopSqsd
2025/10/21 12:56:38.663084 [INFO] This is a web server environment instance, skip stop sqsd daemon ...
2025/10/21 12:56:38.663087 [INFO] Executing instruction: StageApplication
2025/10/21 12:56:38.663090 [INFO] Recreating /var/app/staging/
2025/10/21 12:56:38.664103 [INFO] extracting /opt/elasticbeanstalk/deployment/app_source_bundle to /var/app/staging/
2025/10/21 12:56:38.664115 [INFO] Running command: /usr/bin/unzip -q -o /opt/elasticbeanstalk/deployment/app_source_bundle -d /var/app/staging/
2025/10/21 12:56:38.670800 [INFO] finished extracting /opt/elasticbeanstalk/deployment/app_source_bundle to /var/app/staging/ successfully
2025/10/21 12:56:38.672299 [INFO] Executing instruction: RunConfigDeployPreBuildHooks
2025/10/21 12:56:38.672327 [INFO] Executing platform hooks in .platform/confighooks/prebuild/
2025/10/21 12:56:38.672349 [INFO] The dir .platform/confighooks/prebuild/ does not exist
2025/10/21 12:56:38.672352 [INFO] Finished running scripts in /var/app/staging/.platform/confighooks/prebuild
2025/10/21 12:56:38.672358 [INFO] Executing instruction: InstallDependency
2025/10/21 12:56:38.672363 [INFO] checking dependencies file
2025/10/21 12:56:38.672398 [INFO] Installing dependencies with requirements.txt by using Pip
2025/10/21 12:56:38.672409 [INFO] Running command: /var/app/venv/staging-LQM1lest/bin/pip install -r requirements.txt
2025/10/21 12:56:44.862907 [INFO] Collecting asgiref (from -r requirements.txt (line 1))
  Downloading asgiref-3.10.0-py3-none-any.whl.metadata (9.3 kB)
Collecting boto3 (from -r requirements.txt (line 2))
  Downloading boto3-1.40.55-py3-none-any.whl.metadata (6.6 kB)
Collecting Django (from -r requirements.txt (line 3))
  Downloading django-5.2.7-py3-none-any.whl.metadata (4.1 kB)
Collecting djangorestframework (from -r requirements.txt (line 4))
  Using cached djangorestframework-3.16.1-py3-none-any.whl.metadata (11 kB)
Collecting django-cors-headers (from -r requirements.txt (line 5))
  Downloading django_cors_headers-4.9.0-py3-none-any.whl.metadata (16 kB)
Collecting django-filter (from -r requirements.txt (line 6))
  Using cached django_filter-25.2-py3-none-any.whl.metadata (5.1 kB)
Collecting dj-database-url (from -r requirements.txt (line 7))
  Using cached dj_database_url-3.0.1-py3-none-any.whl.metadata (14 kB)
Requirement already satisfied: gunicorn in /var/app/venv/staging-LQM1lest/lib64/python3.13/site-packages (from -r requirements.txt (line 8)) (23.0.0)
Requirement already satisfied: packaging in /var/app/venv/staging-LQM1lest/lib64/python3.13/site-packages (from -r requirements.txt (line 9)) (25.0)
Collecting psycopg2-binary (from -r requirements.txt (line 10))
  Downloading psycopg2_binary-2.9.11-cp313-cp313-manylinux2014_x86_64.manylinux_2_17_x86_64.whl.metadata (4.9 kB)
Collecting python-dotenv (from -r requirements.txt (line 11))
  Downloading python_dotenv-1.1.1-py3-none-any.whl.metadata (24 kB)
Collecting sqlparse (from -r requirements.txt (line 12))
  Downloading sqlparse-0.5.3-py3-none-any.whl.metadata (3.9 kB)
Collecting tzdata (from -r requirements.txt (line 13))
  Downloading tzdata-2025.2-py2.py3-none-any.whl.metadata (1.4 kB)
Collecting whitenoise (from -r requirements.txt (line 14))
  Downloading whitenoise-6.11.0-py3-none-any.whl.metadata (3.7 kB)
Collecting botocore<1.41.0,>=1.40.55 (from boto3->-r requirements.txt (line 2))
  Downloading botocore-1.40.55-py3-none-any.whl.metadata (5.7 kB)
Collecting jmespath<2.0.0,>=0.7.1 (from boto3->-r requirements.txt (line 2))
  Using cached jmespath-1.0.1-py3-none-any.whl.metadata (7.6 kB)
Collecting s3transfer<0.15.0,>=0.14.0 (from boto3->-r requirements.txt (line 2))
  Downloading s3transfer-0.14.0-py3-none-any.whl.metadata (1.7 kB)
Collecting python-dateutil<3.0.0,>=2.1 (from botocore<1.41.0,>=1.40.55->boto3->-r requirements.txt (line 2))
  Downloading python_dateutil-2.9.0.post0-py2.py3-none-any.whl.metadata (8.4 kB)
Collecting urllib3!=2.2.0,<3,>=1.25.4 (from botocore<1.41.0,>=1.40.55->boto3->-r requirements.txt (line 2))
  Downloading urllib3-2.5.0-py3-none-any.whl.metadata (6.5 kB)
Collecting six>=1.5 (from python-dateutil<3.0.0,>=2.1->botocore<1.41.0,>=1.40.55->boto3->-r requirements.txt (line 2))
  Downloading six-1.17.0-py2.py3-none-any.whl.metadata (1.7 kB)
Downloading asgiref-3.10.0-py3-none-any.whl (24 kB)
Downloading boto3-1.40.55-py3-none-any.whl (139 kB)
Downloading botocore-1.40.55-py3-none-any.whl (14.1 MB)
   ━━━━━━━━━━━━━━━━━━━━━━━━━━━━━━━━━━━━━━━━ 14.1/14.1 MB 236.7 MB/s  0:00:00
Downloading jmespath-1.0.1-py3-none-any.whl (20 kB)
Downloading python_dateutil-2.9.0.post0-py2.py3-none-any.whl (229 kB)
Downloading s3transfer-0.14.0-py3-none-any.whl (85 kB)
Downloading urllib3-2.5.0-py3-none-any.whl (129 kB)
Downloading django-5.2.7-py3-none-any.whl (8.3 MB)
   ━━━━━━━━━━━━━━━━━━━━━━━━━━━━━━━━━━━━━━━━ 8.3/8.3 MB 155.1 MB/s  0:00:00
Downloading djangorestframework-3.16.1-py3-none-any.whl (1.1 MB)
   ━━━━━━━━━━━━━━━━━━━━━━━━━━━━━━━━━━━━━━━━ 1.1/1.1 MB 79.4 MB/s  0:00:00
Downloading django_cors_headers-4.9.0-py3-none-any.whl (12 kB)
Downloading django_filter-25.2-py3-none-any.whl (94 kB)
Downloading dj_database_url-3.0.1-py3-none-any.whl (8.8 kB)
Downloading psycopg2_binary-2.9.11-cp313-cp313-manylinux2014_x86_64.manylinux_2_17_x86_64.whl (4.2 MB)
   ━━━━━━━━━━━━━━━━━━━━━━━━━━━━━━━━━━━━━━━━ 4.2/4.2 MB 157.3 MB/s  0:00:00
Downloading python_dotenv-1.1.1-py3-none-any.whl (20 kB)
Downloading sqlparse-0.5.3-py3-none-any.whl (44 kB)
Downloading tzdata-2025.2-py2.py3-none-any.whl (347 kB)
Downloading whitenoise-6.11.0-py3-none-any.whl (20 kB)
Downloading six-1.17.0-py2.py3-none-any.whl (11 kB)
Installing collected packages: whitenoise, urllib3, tzdata, sqlparse, six, python-dotenv, psycopg2-binary, jmespath, asgiref, python-dateutil, Django, djangorestframework, django-filter, django-cors-headers, dj-database-url, botocore, s3transfer, boto3

Successfully installed Django-5.2.7 asgiref-3.10.0 boto3-1.40.55 botocore-1.40.55 dj-database-url-3.0.1 django-cors-headers-4.9.0 django-filter-25.2 djangorestframework-3.16.1 jmespath-1.0.1 psycopg2-binary-2.9.11 python-dateutil-2.9.0.post0 python-dotenv-1.1.1 s3transfer-0.14.0 six-1.17.0 sqlparse-0.5.3 tzdata-2025.2 urllib3-2.5.0 whitenoise-6.11.0

2025/10/21 12:56:44.862947 [INFO] Executing instruction: check Procfile
2025/10/21 12:56:44.863015 [INFO] detected Procfile in application source bundle ...
2025/10/21 12:56:44.863028 [INFO] Executing instruction: configure X-Ray
2025/10/21 12:56:44.863034 [INFO] X-Ray is not enabled.
2025/10/21 12:56:44.863037 [INFO] Executing instruction: configure proxy server
2025/10/21 12:56:44.863058 [INFO] Recreating /var/proxy/staging/nginx
2025/10/21 12:56:44.873023 [INFO] Executing instruction: configure healthd specific proxy conf
2025/10/21 12:56:44.875373 [INFO] Running command: systemctl show -p PartOf healthd.service
2025/10/21 12:56:44.887210 [WARN] Warning: process healthd is already registered...
Deregistering the process ...
2025/10/21 12:56:44.887235 [INFO] Running command: systemctl show -p PartOf healthd.service
2025/10/21 12:56:44.896136 [INFO] Running command: systemctl is-active healthd.service
2025/10/21 12:56:44.903764 [INFO] Running command: systemctl show -p PartOf healthd.service
2025/10/21 12:56:44.912803 [INFO] Running command: systemctl stop healthd.service
2025/10/21 12:56:45.010171 [INFO] Running command: systemctl disable healthd.service
2025/10/21 12:56:45.300335 [INFO] Removed "/etc/systemd/system/multi-user.target.wants/healthd.service".

2025/10/21 12:56:45.300424 [INFO] Running command: systemctl daemon-reload
2025/10/21 12:56:45.585570 [INFO] Running command: systemctl reset-failed
2025/10/21 12:56:45.597143 [INFO] Running command: systemctl daemon-reload
2025/10/21 12:56:45.864729 [INFO] Running command: systemctl reset-failed
2025/10/21 12:56:45.873379 [INFO] Running command: systemctl is-enabled aws-eb.target
2025/10/21 12:56:45.881568 [INFO] Running command: systemctl enable aws-eb.target
2025/10/21 12:56:46.139520 [INFO] Running command: systemctl start aws-eb.target
2025/10/21 12:56:46.148937 [INFO] Running command: systemctl enable healthd.service
2025/10/21 12:56:46.423390 [INFO] Created symlink /etc/systemd/system/multi-user.target.wants/healthd.service → /etc/systemd/system/healthd.service.

2025/10/21 12:56:46.423424 [INFO] Running command: systemctl show -p PartOf healthd.service
2025/10/21 12:56:46.434479 [INFO] Running command: systemctl is-active healthd.service
2025/10/21 12:56:46.441788 [INFO] Running command: systemctl start healthd.service
2025/10/21 12:56:46.497570 [INFO] Copying file /opt/elasticbeanstalk/config/private/healthd/healthd_logformat.conf to /var/proxy/staging/nginx/conf.d/healthd_logformat.conf
2025/10/21 12:56:46.498810 [INFO] Copying file /opt/elasticbeanstalk/config/private/healthd/healthd_nginx.conf to /var/proxy/staging/nginx/conf.d/elasticbeanstalk/healthd.conf
2025/10/21 12:56:46.500006 [INFO] Executing instruction: GetSetupProxyLog
2025/10/21 12:56:46.500176 [INFO] Executing instruction: configure log streaming
2025/10/21 12:56:46.500184 [INFO] log streaming is not enabled
2025/10/21 12:56:46.500187 [INFO] disable log stream
2025/10/21 12:56:46.500199 [INFO] Running command: systemctl show -p PartOf amazon-cloudwatch-agent.service
2025/10/21 12:56:46.519259 [INFO] Running command: systemctl stop amazon-cloudwatch-agent.service
2025/10/21 12:56:46.537936 [INFO] Executing instruction: GetToggleForceRotate
2025/10/21 12:56:46.537960 [INFO] Checking if logs need forced rotation
2025/10/21 12:56:46.537978 [INFO] Running command: /opt/aws/bin/cfn-get-metadata -s arn:aws:cloudformation:ap-southeast-1:974082559319:stack/awseb-e-2nzfb3xwfm-stack/9c272940-ae0f-11f0-8fa9-02ae66e449fd -r AWSEBAutoScalingGroup --region ap-southeast-1
2025/10/21 12:56:46.986138 [INFO] Running command: /opt/aws/bin/cfn-get-metadata -s arn:aws:cloudformation:ap-southeast-1:974082559319:stack/awseb-e-2nzfb3xwfm-stack/9c272940-ae0f-11f0-8fa9-02ae66e449fd -r AWSEBBeanstalkMetadata --region ap-southeast-1
2025/10/21 12:56:47.370140 [INFO] Generating rsyslog config from Procfile
2025/10/21 12:56:47.372364 [INFO] Running command: systemctl restart rsyslog.service
2025/10/21 12:56:47.484100 [INFO] Executing instruction: CleanEbExtensions
2025/10/21 12:56:47.484338 [INFO] Cleaned ebextensions subdirectories from app staging directory.
2025/10/21 12:56:47.484346 [INFO] Executing instruction: RunConfigDeployPreDeployHooks
2025/10/21 12:56:47.484368 [INFO] Executing platform hooks in .platform/confighooks/predeploy/
2025/10/21 12:56:47.484386 [INFO] The dir .platform/confighooks/predeploy/ does not exist
2025/10/21 12:56:47.484390 [INFO] Finished running scripts in /var/app/staging/.platform/confighooks/predeploy
2025/10/21 12:56:47.484395 [INFO] Executing instruction: stop X-Ray
2025/10/21 12:56:47.484399 [INFO] stop X-Ray ...
2025/10/21 12:56:47.484411 [INFO] Running command: systemctl show -p PartOf xray.service
2025/10/21 12:56:47.504588 [WARN] stopProcess Warning: process xray is not registered 
2025/10/21 12:56:47.504616 [INFO] Running command: systemctl stop xray.service
2025/10/21 12:56:47.519993 [INFO] Executing instruction: stop proxy
2025/10/21 12:56:47.520023 [INFO] Running command: systemctl show -p PartOf httpd.service
2025/10/21 12:56:47.534347 [WARN] deregisterProcess Warning: process httpd is not registered, skipping...

2025/10/21 12:56:47.534378 [INFO] Running command: systemctl show -p PartOf nginx.service
2025/10/21 12:56:47.546217 [INFO] Running command: systemctl is-active nginx.service
2025/10/21 12:56:47.554547 [INFO] Running command: systemctl show -p PartOf nginx.service
2025/10/21 12:56:47.563546 [INFO] Running command: systemctl stop nginx.service
2025/10/21 12:56:47.813035 [INFO] Running command: systemctl disable nginx.service
2025/10/21 12:56:48.094133 [INFO] Running command: systemctl daemon-reload
2025/10/21 12:56:48.363734 [INFO] Running command: systemctl reset-failed
2025/10/21 12:56:48.372340 [INFO] Executing instruction: FlipApplication
2025/10/21 12:56:48.372364 [INFO] Fetching environment variables...
2025/10/21 12:56:48.372647 [INFO] Purge old process...
2025/10/21 12:56:48.372668 [INFO] Running command: systemctl stop eb-app.target
2025/10/21 12:56:48.381775 [INFO] Running command: systemctl show -p ConsistsOf eb-app.target | cut -d= -f2
2025/10/21 12:56:48.393450 [INFO] web.service

2025/10/21 12:56:48.393472 [INFO] deregistering process: web
2025/10/21 12:56:48.393485 [INFO] Running command: systemctl show -p PartOf web.service
2025/10/21 12:56:48.403865 [INFO] Running command: systemctl is-active web.service
2025/10/21 12:56:48.411304 [INFO] Running command: systemctl disable web.service
2025/10/21 12:56:48.667559 [INFO] Removed "/etc/systemd/system/multi-user.target.wants/web.service".

2025/10/21 12:56:48.667653 [INFO] Running command: systemctl daemon-reload
2025/10/21 12:56:48.946380 [INFO] Running command: systemctl reset-failed
2025/10/21 12:56:48.973240 [INFO] Running command: systemctl is-active web.service
2025/10/21 12:56:48.981817 [INFO] Process web has been fully terminated
2025/10/21 12:56:48.981845 [INFO] All processes have been fully terminated
2025/10/21 12:56:48.981850 [INFO] Removing /var/app/current/ if it exists
2025/10/21 12:56:48.982023 [INFO] Renaming /var/app/staging/ to /var/app/current/
2025/10/21 12:56:48.982043 [INFO] Register application processes...
2025/10/21 12:56:48.982047 [INFO] Registering the proc: web

2025/10/21 12:56:48.982054 [INFO] Running command: systemctl show -p PartOf web.service
2025/10/21 12:56:48.994172 [INFO] Running command: systemctl daemon-reload
2025/10/21 12:56:49.265546 [INFO] Running command: systemctl reset-failed
2025/10/21 12:56:49.273656 [INFO] Running command: systemctl is-enabled eb-app.target
2025/10/21 12:56:49.281992 [INFO] Running command: systemctl enable eb-app.target
2025/10/21 12:56:49.563529 [INFO] Running command: systemctl start eb-app.target
2025/10/21 12:56:49.572469 [INFO] Running command: systemctl enable web.service
2025/10/21 12:56:49.842833 [INFO] Created symlink /etc/systemd/system/multi-user.target.wants/web.service → /etc/systemd/system/web.service.

2025/10/21 12:56:49.842866 [INFO] Running command: systemctl show -p PartOf web.service
2025/10/21 12:56:49.854096 [INFO] Running command: systemctl is-active web.service
2025/10/21 12:56:49.861447 [INFO] Running command: systemctl start web.service
2025/10/21 12:56:49.946755 [INFO] Executing instruction: start X-Ray
2025/10/21 12:56:49.946776 [INFO] X-Ray is not enabled.
2025/10/21 12:56:49.946794 [INFO] Executing instruction: start proxy with new configuration
2025/10/21 12:56:49.946818 [INFO] Running command: /usr/sbin/nginx -t -c /var/proxy/staging/nginx/nginx.conf
2025/10/21 12:56:49.974271 [INFO] nginx: [warn] could not build optimal types_hash, you should increase either types_hash_max_size: 1024 or types_hash_bucket_size: 64; ignoring types_hash_bucket_size
nginx: the configuration file /var/proxy/staging/nginx/nginx.conf syntax is ok
nginx: configuration file /var/proxy/staging/nginx/nginx.conf test is successful

2025/10/21 12:56:49.974606 [INFO] Running command: cp -rp /var/proxy/staging/nginx/* /etc/nginx
2025/10/21 12:56:49.979910 [INFO] Running command: systemctl show -p PartOf nginx.service
2025/10/21 12:56:50.002190 [INFO] Running command: systemctl daemon-reload
2025/10/21 12:56:50.311754 [INFO] Running command: systemctl reset-failed
2025/10/21 12:56:50.380107 [INFO] Running command: systemctl show -p PartOf nginx.service
2025/10/21 12:56:50.394606 [INFO] Running command: systemctl is-active nginx.service
2025/10/21 12:56:50.403848 [INFO] Running command: systemctl start nginx.service
2025/10/21 12:56:50.532147 [INFO] Executing instruction: configureSqsd
2025/10/21 12:56:50.532167 [INFO] This is a web server environment instance, skip configure sqsd daemon ...
2025/10/21 12:56:50.532173 [INFO] Executing instruction: startSqsd
2025/10/21 12:56:50.532175 [INFO] This is a web server environment instance, skip start sqsd daemon ...
2025/10/21 12:56:50.532180 [INFO] Executing instruction: Track pids in healthd
2025/10/21 12:56:50.532184 [INFO] This is an enhanced health env...
2025/10/21 12:56:50.532208 [INFO] Running command: systemctl show -p ConsistsOf aws-eb.target | cut -d= -f2
2025/10/21 12:56:50.547548 [INFO] healthd.service nginx.service cfn-hup.service

2025/10/21 12:56:50.547583 [INFO] Running command: systemctl show -p ConsistsOf eb-app.target | cut -d= -f2
2025/10/21 12:56:50.562920 [INFO] web.service

2025/10/21 12:56:50.563233 [INFO] Executing instruction: RunConfigDeployPostDeployHooks
2025/10/21 12:56:50.563326 [INFO] Executing platform hooks in .platform/confighooks/postdeploy/
2025/10/21 12:56:50.563347 [INFO] The dir .platform/confighooks/postdeploy/ does not exist
2025/10/21 12:56:50.563352 [INFO] Finished running scripts in /var/app/current/.platform/confighooks/postdeploy
2025/10/21 12:56:50.563359 [INFO] Executing cleanup logic
2025/10/21 12:56:50.563457 [INFO] CommandService Response: {"status":"SUCCESS","api_version":"1.0","results":[{"status":"SUCCESS","msg":"Engine execution has succeeded.","returncode":0,"events":[{"msg":"Instance deployment used the commands in your 'Procfile' to initiate startup of your application.","timestamp":1761051404863,"severity":"INFO"},{"msg":"Instance deployment completed successfully.","timestamp":1761051410563,"severity":"INFO"}]}]}

2025/10/21 12:56:50.564724 [INFO] Platform Engine finished execution on command: config-deploy

2025/10/21 12:58:04.397814 [INFO] Starting...
2025/10/21 12:58:04.397862 [INFO] Starting EBPlatform-PlatformEngine
2025/10/21 12:58:04.397889 [INFO] reading event message file
2025/10/21 12:58:04.398254 [INFO] Engine received EB command cfn-hup-exec

2025/10/21 12:58:04.463167 [INFO] Running command: /opt/aws/bin/cfn-get-metadata -s arn:aws:cloudformation:ap-southeast-1:974082559319:stack/awseb-e-2nzfb3xwfm-stack/9c272940-ae0f-11f0-8fa9-02ae66e449fd -r AWSEBAutoScalingGroup --region ap-southeast-1
2025/10/21 12:58:04.803890 [INFO] Running command: /opt/aws/bin/cfn-get-metadata -s arn:aws:cloudformation:ap-southeast-1:974082559319:stack/awseb-e-2nzfb3xwfm-stack/9c272940-ae0f-11f0-8fa9-02ae66e449fd -r AWSEBBeanstalkMetadata --region ap-southeast-1
2025/10/21 12:58:05.106761 [INFO] checking whether command app-deploy is applicable to this instance...
2025/10/21 12:58:05.106778 [INFO] this command is applicable to the instance, thus instance should execute command
2025/10/21 12:58:05.106784 [INFO] Engine command: (app-deploy)

2025/10/21 12:58:05.106788 [INFO] Downloading EB Application...
2025/10/21 12:58:05.106795 [INFO] Region: ap-southeast-1
2025/10/21 12:58:05.106798 [INFO] envID: e-2nzfb3xwfm
2025/10/21 12:58:05.106801 [INFO] envBucket: elasticbeanstalk-ap-southeast-1-974082559319
2025/10/21 12:58:05.106803 [INFO] accountID: 974082559319
2025/10/21 12:58:05.106805 [INFO] Using manifest file name from command request
2025/10/21 12:58:05.106811 [INFO] Manifest name is : manifest_1761051462776
2025/10/21 12:58:05.106813 [INFO] Download app version manifest
2025/10/21 12:58:05.106989 [INFO] Downloading: bucket: elasticbeanstalk-ap-southeast-1-974082559319, object: resources/environments/e-2nzfb3xwfm/_runtime/versions/manifest_1761051462776, expected bucket owner: 974082559319
2025/10/21 12:58:05.141008 [INFO] Download successful150bytes downloaded
2025/10/21 12:58:05.141142 [INFO] Trying to read and parse version manifest...
2025/10/21 12:58:05.141214 [INFO] Downloading: bucket: elasticbeanstalk-ap-southeast-1-974082559319, object: resources/environments/e-2nzfb3xwfm/_runtime/_versions/jeceProject/code-pipeline-1761051455717-75362a11ada5ba47dc731d0f40f59071f077de91, expected bucket owner: 974082559319
2025/10/21 12:58:05.168943 [INFO] Download successful50235bytes downloaded
2025/10/21 12:58:05.169208 [INFO] Executing instruction: ElectLeader
2025/10/21 12:58:05.169215 [INFO] Running leader election for instance i-00543c834804e9596...
2025/10/21 12:58:05.169218 [INFO] Calling the cfn-elect-cmd-leader to elect the command leader.
2025/10/21 12:58:05.169229 [INFO] Running command: /opt/aws/bin/cfn-elect-cmd-leader --stack arn:aws:cloudformation:ap-southeast-1:974082559319:stack/awseb-e-2nzfb3xwfm-stack/9c272940-ae0f-11f0-8fa9-02ae66e449fd --command-name ElasticBeanstalkCommand-AWSEBAutoScalingGroup --invocation-id 5714778a-471d-4eaf-b589-16f22a76db39 --listener-id i-00543c834804e9596 --region ap-southeast-1
2025/10/21 12:58:05.479471 [INFO] Instance is Leader.
2025/10/21 12:58:05.479519 [INFO] Executing instruction: stopSqsd
2025/10/21 12:58:05.479524 [INFO] This is a web server environment instance, skip stop sqsd daemon ...
2025/10/21 12:58:05.479528 [INFO] Executing instruction: PreBuildEbExtension
2025/10/21 12:58:05.479530 [INFO] Starting executing the config set Infra-EmbeddedPreBuild.
2025/10/21 12:58:05.479544 [INFO] Running command: /opt/aws/bin/cfn-init -s arn:aws:cloudformation:ap-southeast-1:974082559319:stack/awseb-e-2nzfb3xwfm-stack/9c272940-ae0f-11f0-8fa9-02ae66e449fd -r AWSEBAutoScalingGroup --region ap-southeast-1 --configsets Infra-EmbeddedPreBuild
2025/10/21 12:58:21.350306 [INFO] Error occurred during build: Yum does not have postgresql-devel available for installation

2025/10/21 12:58:21.350368 [ERROR] An error occurred during execution of command [app-deploy] - [PreBuildEbExtension]. Stop running the command. Error: EbExtension build failed. Please refer to /var/log/cfn-init.log for more details. 

2025/10/21 12:58:21.350371 [INFO] Executing cleanup logic
2025/10/21 12:58:21.350453 [INFO] CommandService Response: {"status":"FAILURE","api_version":"1.0","results":[{"status":"FAILURE","msg":"Engine execution has encountered an error.","returncode":1,"events":[{"msg":"Instance deployment failed. For details, see 'eb-engine.log'.","timestamp":1761051501350,"severity":"ERROR"}]}]}

2025/10/21 12:58:21.351714 [INFO] Platform Engine finished execution on command: app-deploy

2025/10/21 12:59:58.918804 [INFO] Starting...
2025/10/21 12:59:58.918851 [INFO] Starting EBPlatform-PlatformEngine
2025/10/21 12:59:58.918876 [INFO] reading event message file
2025/10/21 12:59:58.919223 [INFO] Engine received EB command cfn-hup-exec

2025/10/21 12:59:58.987361 [INFO] Running command: /opt/aws/bin/cfn-get-metadata -s arn:aws:cloudformation:ap-southeast-1:974082559319:stack/awseb-e-2nzfb3xwfm-stack/9c272940-ae0f-11f0-8fa9-02ae66e449fd -r AWSEBAutoScalingGroup --region ap-southeast-1
2025/10/21 12:59:59.302449 [INFO] Running command: /opt/aws/bin/cfn-get-metadata -s arn:aws:cloudformation:ap-southeast-1:974082559319:stack/awseb-e-2nzfb3xwfm-stack/9c272940-ae0f-11f0-8fa9-02ae66e449fd -r AWSEBBeanstalkMetadata --region ap-southeast-1
2025/10/21 12:59:59.602167 [INFO] checking whether command app-deploy is applicable to this instance...
2025/10/21 12:59:59.602181 [INFO] this command is applicable to the instance, thus instance should execute command
2025/10/21 12:59:59.602183 [INFO] Engine command: (app-deploy)

2025/10/21 12:59:59.602187 [INFO] Downloading EB Application...
2025/10/21 12:59:59.602189 [INFO] Region: ap-southeast-1
2025/10/21 12:59:59.602191 [INFO] envID: e-2nzfb3xwfm
2025/10/21 12:59:59.602194 [INFO] envBucket: elasticbeanstalk-ap-southeast-1-974082559319
2025/10/21 12:59:59.602196 [INFO] accountID: 974082559319
2025/10/21 12:59:59.602198 [INFO] Using manifest file name from command request
2025/10/21 12:59:59.602203 [INFO] Manifest name is : manifest_1761051577716
2025/10/21 12:59:59.602205 [INFO] Download app version manifest
2025/10/21 12:59:59.602364 [INFO] Downloading: bucket: elasticbeanstalk-ap-southeast-1-974082559319, object: resources/environments/e-2nzfb3xwfm/_runtime/versions/manifest_1761051577716, expected bucket owner: 974082559319
2025/10/21 12:59:59.638967 [INFO] Download successful150bytes downloaded
2025/10/21 12:59:59.639104 [INFO] Trying to read and parse version manifest...
2025/10/21 12:59:59.639174 [INFO] Downloading: bucket: elasticbeanstalk-ap-southeast-1-974082559319, object: resources/environments/e-2nzfb3xwfm/_runtime/_versions/jeceProject/code-pipeline-1761051571201-75362a11ada5ba47dc731d0f40f59071f077de91, expected bucket owner: 974082559319
2025/10/21 12:59:59.662436 [INFO] Download successful50235bytes downloaded
2025/10/21 12:59:59.662698 [INFO] Executing instruction: ElectLeader
2025/10/21 12:59:59.662705 [INFO] Running leader election for instance i-00543c834804e9596...
2025/10/21 12:59:59.662708 [INFO] Calling the cfn-elect-cmd-leader to elect the command leader.
2025/10/21 12:59:59.662720 [INFO] Running command: /opt/aws/bin/cfn-elect-cmd-leader --stack arn:aws:cloudformation:ap-southeast-1:974082559319:stack/awseb-e-2nzfb3xwfm-stack/9c272940-ae0f-11f0-8fa9-02ae66e449fd --command-name ElasticBeanstalkCommand-AWSEBAutoScalingGroup --invocation-id 00de1f9d-6807-41e8-a613-820493f7e7d2 --listener-id i-00543c834804e9596 --region ap-southeast-1
2025/10/21 12:59:59.965357 [INFO] Instance is Leader.
2025/10/21 12:59:59.965398 [INFO] Executing instruction: stopSqsd
2025/10/21 12:59:59.965403 [INFO] This is a web server environment instance, skip stop sqsd daemon ...
2025/10/21 12:59:59.965406 [INFO] Executing instruction: PreBuildEbExtension
2025/10/21 12:59:59.965409 [INFO] Starting executing the config set Infra-EmbeddedPreBuild.
2025/10/21 12:59:59.965420 [INFO] Running command: /opt/aws/bin/cfn-init -s arn:aws:cloudformation:ap-southeast-1:974082559319:stack/awseb-e-2nzfb3xwfm-stack/9c272940-ae0f-11f0-8fa9-02ae66e449fd -r AWSEBAutoScalingGroup --region ap-southeast-1 --configsets Infra-EmbeddedPreBuild
2025/10/21 13:00:19.170814 [INFO] Error occurred during build: Yum does not have postgresql-devel available for installation

2025/10/21 13:00:19.170843 [ERROR] An error occurred during execution of command [app-deploy] - [PreBuildEbExtension]. Stop running the command. Error: EbExtension build failed. Please refer to /var/log/cfn-init.log for more details. 

2025/10/21 13:00:19.170847 [INFO] Executing cleanup logic
2025/10/21 13:00:19.170933 [INFO] CommandService Response: {"status":"FAILURE","api_version":"1.0","results":[{"status":"FAILURE","msg":"Engine execution has encountered an error.","returncode":1,"events":[{"msg":"Instance deployment failed. For details, see 'eb-engine.log'.","timestamp":1761051619170,"severity":"ERROR"}]}]}

2025/10/21 13:00:19.172130 [INFO] Platform Engine finished execution on command: app-deploy

2025/10/21 13:02:13.667566 [INFO] Starting...
2025/10/21 13:02:13.667612 [INFO] Starting EBPlatform-PlatformEngine
2025/10/21 13:02:13.667637 [INFO] reading event message file
2025/10/21 13:02:13.667976 [INFO] Engine received EB command cfn-hup-exec

2025/10/21 13:02:13.729884 [INFO] Running command: /opt/aws/bin/cfn-get-metadata -s arn:aws:cloudformation:ap-southeast-1:974082559319:stack/awseb-e-2nzfb3xwfm-stack/9c272940-ae0f-11f0-8fa9-02ae66e449fd -r AWSEBAutoScalingGroup --region ap-southeast-1
2025/10/21 13:02:14.031268 [INFO] Running command: /opt/aws/bin/cfn-get-metadata -s arn:aws:cloudformation:ap-southeast-1:974082559319:stack/awseb-e-2nzfb3xwfm-stack/9c272940-ae0f-11f0-8fa9-02ae66e449fd -r AWSEBBeanstalkMetadata --region ap-southeast-1
2025/10/21 13:02:14.325380 [INFO] checking whether command tail-log is applicable to this instance...
2025/10/21 13:02:14.325391 [INFO] this command is applicable to the instance, thus instance should execute command
2025/10/21 13:02:14.325395 [INFO] Engine command: (tail-log)

2025/10/21 13:02:14.325442 [INFO] Executing instruction: GetTailLogs
2025/10/21 13:02:14.325445 [INFO] Tail Logs...
2025/10/21 13:02:14.325897 [INFO] Running command: tail -n 100 /var/log/nginx/error.log
2025/10/21 13:02:14.327791 [INFO] Running command: tail -n 100 /tmp/sample-app.log
2025/10/21 13:02:14.329729 [INFO] Running command: tail -n 100 /var/log/web.stdout.log
2025/10/21 13:02:14.331342 [INFO] Running command: tail -n 100 /var/log/eb-engine.log
2025/10/21 13:02:14.333268 [INFO] Running command: tail -n 100 /var/log/eb-hooks.log
2025/10/21 13:02:14.334876 [INFO] Running command: tail -n 100 /var/log/nginx/access.log
2025/10/21 13:02:14.395602 [INFO] Executing cleanup logic
2025/10/21 13:02:14.395669 [INFO] CommandService Response: {"status":"SUCCESS","api_version":"1.0","results":[{"status":"SUCCESS","msg":"Engine execution has succeeded.","returncode":0,"events":[{"msg":"Instance deployment completed successfully.","timestamp":1761051734395,"severity":"INFO"}]}]}

2025/10/21 13:02:14.395687 [INFO] Platform Engine finished execution on command: tail-log

2025/10/21 13:10:48.310799 [INFO] Starting...
2025/10/21 13:10:48.310859 [INFO] Starting EBPlatform-PlatformEngine
2025/10/21 13:10:48.310881 [INFO] reading event message file
2025/10/21 13:10:48.311236 [INFO] Engine received EB command cfn-hup-exec

2025/10/21 13:10:48.384933 [INFO] Running command: /opt/aws/bin/cfn-get-metadata -s arn:aws:cloudformation:ap-southeast-1:974082559319:stack/awseb-e-2nzfb3xwfm-stack/9c272940-ae0f-11f0-8fa9-02ae66e449fd -r AWSEBAutoScalingGroup --region ap-southeast-1
2025/10/21 13:10:48.678656 [INFO] Running command: /opt/aws/bin/cfn-get-metadata -s arn:aws:cloudformation:ap-southeast-1:974082559319:stack/awseb-e-2nzfb3xwfm-stack/9c272940-ae0f-11f0-8fa9-02ae66e449fd -r AWSEBBeanstalkMetadata --region ap-southeast-1
2025/10/21 13:10:48.989961 [INFO] checking whether command app-deploy is applicable to this instance...
2025/10/21 13:10:48.989974 [INFO] this command is applicable to the instance, thus instance should execute command
2025/10/21 13:10:48.989978 [INFO] Engine command: (app-deploy)

2025/10/21 13:10:48.989981 [INFO] Downloading EB Application...
2025/10/21 13:10:48.989983 [INFO] Region: ap-southeast-1
2025/10/21 13:10:48.989985 [INFO] envID: e-2nzfb3xwfm
2025/10/21 13:10:48.989987 [INFO] envBucket: elasticbeanstalk-ap-southeast-1-974082559319
2025/10/21 13:10:48.989990 [INFO] accountID: 974082559319
2025/10/21 13:10:48.989992 [INFO] Using manifest file name from command request
2025/10/21 13:10:48.989997 [INFO] Manifest name is : manifest_1761052226451
2025/10/21 13:10:48.989999 [INFO] Download app version manifest
2025/10/21 13:10:48.990156 [INFO] Downloading: bucket: elasticbeanstalk-ap-southeast-1-974082559319, object: resources/environments/e-2nzfb3xwfm/_runtime/versions/manifest_1761052226451, expected bucket owner: 974082559319
2025/10/21 13:10:49.025642 [INFO] Download successful150bytes downloaded
2025/10/21 13:10:49.025814 [INFO] Trying to read and parse version manifest...
2025/10/21 13:10:49.025894 [INFO] Downloading: bucket: elasticbeanstalk-ap-southeast-1-974082559319, object: resources/environments/e-2nzfb3xwfm/_runtime/_versions/jeceProject/code-pipeline-1761052219388-9bbace1d1185b5ddc360b5ecea44e1660bfb7ecc, expected bucket owner: 974082559319
2025/10/21 13:10:49.046888 [INFO] Download successful49927bytes downloaded
2025/10/21 13:10:49.047332 [INFO] Executing instruction: ElectLeader
2025/10/21 13:10:49.047347 [INFO] Running leader election for instance i-00543c834804e9596...
2025/10/21 13:10:49.047351 [INFO] Calling the cfn-elect-cmd-leader to elect the command leader.
2025/10/21 13:10:49.047361 [INFO] Running command: /opt/aws/bin/cfn-elect-cmd-leader --stack arn:aws:cloudformation:ap-southeast-1:974082559319:stack/awseb-e-2nzfb3xwfm-stack/9c272940-ae0f-11f0-8fa9-02ae66e449fd --command-name ElasticBeanstalkCommand-AWSEBAutoScalingGroup --invocation-id 3a9bad68-c9d8-4556-a330-1d5b6323667d --listener-id i-00543c834804e9596 --region ap-southeast-1
2025/10/21 13:10:49.360643 [INFO] Instance is Leader.
2025/10/21 13:10:49.360690 [INFO] Executing instruction: stopSqsd
2025/10/21 13:10:49.360696 [INFO] This is a web server environment instance, skip stop sqsd daemon ...
2025/10/21 13:10:49.360699 [INFO] Executing instruction: PreBuildEbExtension
2025/10/21 13:10:49.360703 [INFO] Starting executing the config set Infra-EmbeddedPreBuild.
2025/10/21 13:10:49.360717 [INFO] Running command: /opt/aws/bin/cfn-init -s arn:aws:cloudformation:ap-southeast-1:974082559319:stack/awseb-e-2nzfb3xwfm-stack/9c272940-ae0f-11f0-8fa9-02ae66e449fd -r AWSEBAutoScalingGroup --region ap-southeast-1 --configsets Infra-EmbeddedPreBuild
2025/10/21 13:10:50.934375 [INFO] Error occurred during build: Command 02_install_requirements failed

2025/10/21 13:10:50.934402 [ERROR] An error occurred during execution of command [app-deploy] - [PreBuildEbExtension]. Stop running the command. Error: EbExtension build failed. Please refer to /var/log/cfn-init.log for more details. 

2025/10/21 13:10:50.934405 [INFO] Executing cleanup logic
2025/10/21 13:10:50.934485 [INFO] CommandService Response: {"status":"FAILURE","api_version":"1.0","results":[{"status":"FAILURE","msg":"Engine execution has encountered an error.","returncode":1,"events":[{"msg":"Instance deployment failed. For details, see 'eb-engine.log'.","timestamp":1761052250934,"severity":"ERROR"}]}]}

2025/10/21 13:10:50.935633 [INFO] Platform Engine finished execution on command: app-deploy

2025/10/21 13:12:56.193705 [INFO] Starting...
2025/10/21 13:12:56.193751 [INFO] Starting EBPlatform-PlatformEngine
2025/10/21 13:12:56.193771 [INFO] reading event message file
2025/10/21 13:12:56.194073 [INFO] Engine received EB command cfn-hup-exec

2025/10/21 13:12:56.264496 [INFO] Running command: /opt/aws/bin/cfn-get-metadata -s arn:aws:cloudformation:ap-southeast-1:974082559319:stack/awseb-e-2nzfb3xwfm-stack/9c272940-ae0f-11f0-8fa9-02ae66e449fd -r AWSEBAutoScalingGroup --region ap-southeast-1
2025/10/21 13:12:56.563485 [INFO] Running command: /opt/aws/bin/cfn-get-metadata -s arn:aws:cloudformation:ap-southeast-1:974082559319:stack/awseb-e-2nzfb3xwfm-stack/9c272940-ae0f-11f0-8fa9-02ae66e449fd -r AWSEBBeanstalkMetadata --region ap-southeast-1
2025/10/21 13:12:56.848557 [INFO] checking whether command restart-app-server is applicable to this instance...
2025/10/21 13:12:56.848637 [INFO] this command is applicable to the instance, thus instance should execute command
2025/10/21 13:12:56.848641 [INFO] Engine command: (restart-app-server)

2025/10/21 13:12:56.848645 [INFO] Using manifest file name from command request
2025/10/21 13:12:56.848653 [INFO] Unable to get version manifest file.
2025/10/21 13:12:56.848656 [INFO] Downloading latest manifest available.
2025/10/21 13:12:56.848659 [INFO] Download latest app version manifest
2025/10/21 13:12:56.848805 [INFO] resources/environments/e-2nzfb3xwfm/_runtime/versions/manifest
2025/10/21 13:12:56.890029 [INFO] latestManifest key *: resources/environments/e-2nzfb3xwfm/_runtime/versions/manifest_1761052253601

2025/10/21 13:12:56.890287 [INFO] Downloading: bucket: elasticbeanstalk-ap-southeast-1-974082559319, object: resources/environments/e-2nzfb3xwfm/_runtime/versions/manifest_1761052253601, expected bucket owner: 974082559319
2025/10/21 13:12:56.926029 [INFO] Download successful51bytes downloaded
2025/10/21 13:12:56.926153 [INFO] Trying to read and parse version manifest...
2025/10/21 13:12:56.926204 [INFO] Executing instruction: stopSqsd
2025/10/21 13:12:56.926213 [INFO] This is a web server environment instance, skip stop sqsd daemon ...
2025/10/21 13:12:56.926216 [INFO] Executing instruction: configure X-Ray
2025/10/21 13:12:56.926219 [INFO] X-Ray is not enabled.
2025/10/21 13:12:56.926221 [INFO] Executing instruction: stop X-Ray
2025/10/21 13:12:56.926223 [INFO] stop X-Ray ...
2025/10/21 13:12:56.926233 [INFO] Running command: systemctl show -p PartOf xray.service
2025/10/21 13:12:56.939389 [WARN] stopProcess Warning: process xray is not registered 
2025/10/21 13:12:56.939416 [INFO] Running command: systemctl stop xray.service
2025/10/21 13:12:56.953266 [INFO] Executing instruction: start X-Ray
2025/10/21 13:12:56.953296 [INFO] X-Ray is not enabled.
2025/10/21 13:12:56.953301 [INFO] Executing instruction: RestartAppServer
2025/10/21 13:12:56.953306 [INFO] Restarting customer application...
2025/10/21 13:12:56.953324 [INFO] Running command: systemctl show -p PartOf nginx.service
2025/10/21 13:12:56.963651 [INFO] Running command: systemctl stop nginx.service
2025/10/21 13:12:57.144268 [INFO] Running command: systemctl restart eb-app.target
2025/10/21 13:12:57.153777 [INFO] Running command: systemctl show -p PartOf nginx.service
2025/10/21 13:12:57.166856 [INFO] Running command: systemctl is-active nginx.service
2025/10/21 13:12:57.175743 [INFO] Running command: systemctl start nginx.service
2025/10/21 13:12:57.255786 [INFO] Executing instruction: configureSqsd
2025/10/21 13:12:57.255804 [INFO] This is a web server environment instance, skip configure sqsd daemon ...
2025/10/21 13:12:57.255808 [INFO] Executing instruction: startSqsd
2025/10/21 13:12:57.255811 [INFO] This is a web server environment instance, skip start sqsd daemon ...
2025/10/21 13:12:57.255815 [INFO] Executing instruction: Track pids in healthd
2025/10/21 13:12:57.255819 [INFO] This is an enhanced health env...
2025/10/21 13:12:57.255831 [INFO] Running command: systemctl show -p ConsistsOf aws-eb.target | cut -d= -f2
2025/10/21 13:12:57.265422 [INFO] healthd.service nginx.service cfn-hup.service

2025/10/21 13:12:57.265448 [INFO] Running command: systemctl show -p ConsistsOf eb-app.target | cut -d= -f2
2025/10/21 13:12:57.274291 [INFO] web.service

2025/10/21 13:12:57.274467 [WARN] failed to read file /var/pids/web.pid with error: open /var/pids/web.pid: no such file or directory
2025/10/21 13:12:58.275197 [WARN] failed to read file /var/pids/web.pid with error: open /var/pids/web.pid: no such file or directory
2025/10/21 13:13:00.275419 [WARN] failed to read file /var/pids/web.pid with error: open /var/pids/web.pid: no such file or directory
2025/10/21 13:13:03.275684 [WARN] failed to read file /var/pids/web.pid with error: open /var/pids/web.pid: no such file or directory
2025/10/21 13:13:07.277994 [WARN] failed to read file /var/pids/web.pid with error: open /var/pids/web.pid: no such file or directory
2025/10/21 13:13:12.282135 [WARN] failed to read file /var/pids/web.pid with error: open /var/pids/web.pid: no such file or directory
2025/10/21 13:13:12.282170 [ERROR] update processes [web healthd nginx cfn-hup] pid symlinks failed with error failed to read file /var/pids/web.pid after 6 attempts
2025/10/21 13:13:12.282188 [ERROR] An error occurred during execution of command [restart-app-server] - [Track pids in healthd]. Stop running the command. Error: update processes [web healthd nginx cfn-hup] pid symlinks failed with error failed to read file /var/pids/web.pid after 6 attempts 

2025/10/21 13:13:12.282193 [INFO] Executing cleanup logic
2025/10/21 13:13:12.282267 [INFO] CommandService Response: {"status":"FAILURE","api_version":"1.0","results":[{"status":"FAILURE","msg":"Engine execution has encountered an error.","returncode":1,"events":[{"msg":"Instance deployment failed. For details, see 'eb-engine.log'.","timestamp":1761052392282,"severity":"ERROR"}]}]}

2025/10/21 13:13:12.282289 [INFO] Platform Engine finished execution on command: restart-app-server

2025/10/21 13:15:21.889642 [INFO] Starting...
2025/10/21 13:15:21.889688 [INFO] Starting EBPlatform-PlatformEngine
2025/10/21 13:15:21.889712 [INFO] reading event message file
2025/10/21 13:15:21.890012 [INFO] Engine received EB command cfn-hup-exec

2025/10/21 13:15:21.957629 [INFO] Running command: /opt/aws/bin/cfn-get-metadata -s arn:aws:cloudformation:ap-southeast-1:974082559319:stack/awseb-e-2nzfb3xwfm-stack/9c272940-ae0f-11f0-8fa9-02ae66e449fd -r AWSEBAutoScalingGroup --region ap-southeast-1
2025/10/21 13:15:22.248099 [INFO] Running command: /opt/aws/bin/cfn-get-metadata -s arn:aws:cloudformation:ap-southeast-1:974082559319:stack/awseb-e-2nzfb3xwfm-stack/9c272940-ae0f-11f0-8fa9-02ae66e449fd -r AWSEBBeanstalkMetadata --region ap-southeast-1
2025/10/21 13:15:22.543901 [INFO] checking whether command app-deploy is applicable to this instance...
2025/10/21 13:15:22.543913 [INFO] this command is applicable to the instance, thus instance should execute command
2025/10/21 13:15:22.543915 [INFO] Engine command: (app-deploy)

2025/10/21 13:15:22.543919 [INFO] Downloading EB Application...
2025/10/21 13:15:22.543921 [INFO] Region: ap-southeast-1
2025/10/21 13:15:22.543923 [INFO] envID: e-2nzfb3xwfm
2025/10/21 13:15:22.543925 [INFO] envBucket: elasticbeanstalk-ap-southeast-1-974082559319
2025/10/21 13:15:22.543927 [INFO] accountID: 974082559319
2025/10/21 13:15:22.543930 [INFO] Using manifest file name from command request
2025/10/21 13:15:22.543935 [INFO] Manifest name is : manifest_1761052500289
2025/10/21 13:15:22.543937 [INFO] Download app version manifest
2025/10/21 13:15:22.544110 [INFO] Downloading: bucket: elasticbeanstalk-ap-southeast-1-974082559319, object: resources/environments/e-2nzfb3xwfm/_runtime/versions/manifest_1761052500289, expected bucket owner: 974082559319
2025/10/21 13:15:22.575599 [INFO] Download successful150bytes downloaded
2025/10/21 13:15:22.575739 [INFO] Trying to read and parse version manifest...
2025/10/21 13:15:22.575839 [INFO] Downloading: bucket: elasticbeanstalk-ap-southeast-1-974082559319, object: resources/environments/e-2nzfb3xwfm/_runtime/_versions/jeceProject/code-pipeline-1761052493673-9bbace1d1185b5ddc360b5ecea44e1660bfb7ecc, expected bucket owner: 974082559319
2025/10/21 13:15:22.602956 [INFO] Download successful49927bytes downloaded
2025/10/21 13:15:22.603264 [INFO] Executing instruction: ElectLeader
2025/10/21 13:15:22.603271 [INFO] Running leader election for instance i-00543c834804e9596...
2025/10/21 13:15:22.603273 [INFO] Calling the cfn-elect-cmd-leader to elect the command leader.
2025/10/21 13:15:22.603283 [INFO] Running command: /opt/aws/bin/cfn-elect-cmd-leader --stack arn:aws:cloudformation:ap-southeast-1:974082559319:stack/awseb-e-2nzfb3xwfm-stack/9c272940-ae0f-11f0-8fa9-02ae66e449fd --command-name ElasticBeanstalkCommand-AWSEBAutoScalingGroup --invocation-id 344d95ec-43ce-464b-9978-7c6c5e3b90e2 --listener-id i-00543c834804e9596 --region ap-southeast-1
2025/10/21 13:15:22.911425 [INFO] Instance is Leader.
2025/10/21 13:15:22.911473 [INFO] Executing instruction: stopSqsd
2025/10/21 13:15:22.911477 [INFO] This is a web server environment instance, skip stop sqsd daemon ...
2025/10/21 13:15:22.911480 [INFO] Executing instruction: PreBuildEbExtension
2025/10/21 13:15:22.911483 [INFO] Starting executing the config set Infra-EmbeddedPreBuild.
2025/10/21 13:15:22.911494 [INFO] Running command: /opt/aws/bin/cfn-init -s arn:aws:cloudformation:ap-southeast-1:974082559319:stack/awseb-e-2nzfb3xwfm-stack/9c272940-ae0f-11f0-8fa9-02ae66e449fd -r AWSEBAutoScalingGroup --region ap-southeast-1 --configsets Infra-EmbeddedPreBuild
2025/10/21 13:15:24.099798 [INFO] Error occurred during build: Command 02_install_requirements failed

2025/10/21 13:15:24.099837 [ERROR] An error occurred during execution of command [app-deploy] - [PreBuildEbExtension]. Stop running the command. Error: EbExtension build failed. Please refer to /var/log/cfn-init.log for more details. 

2025/10/21 13:15:24.099842 [INFO] Executing cleanup logic
2025/10/21 13:15:24.099919 [INFO] CommandService Response: {"status":"FAILURE","api_version":"1.0","results":[{"status":"FAILURE","msg":"Engine execution has encountered an error.","returncode":1,"events":[{"msg":"Instance deployment failed. For details, see 'eb-engine.log'.","timestamp":1761052524099,"severity":"ERROR"}]}]}

2025/10/21 13:15:24.101073 [INFO] Platform Engine finished execution on command: app-deploy

2025/10/21 13:19:14.346665 [INFO] Starting...
2025/10/21 13:19:14.346721 [INFO] Starting EBPlatform-PlatformEngine
2025/10/21 13:19:14.346743 [INFO] reading event message file
2025/10/21 13:19:14.347078 [INFO] Engine received EB command cfn-hup-exec

2025/10/21 13:19:14.415329 [INFO] Running command: /opt/aws/bin/cfn-get-metadata -s arn:aws:cloudformation:ap-southeast-1:974082559319:stack/awseb-e-2nzfb3xwfm-stack/9c272940-ae0f-11f0-8fa9-02ae66e449fd -r AWSEBAutoScalingGroup --region ap-southeast-1
2025/10/21 13:19:14.745497 [INFO] Running command: /opt/aws/bin/cfn-get-metadata -s arn:aws:cloudformation:ap-southeast-1:974082559319:stack/awseb-e-2nzfb3xwfm-stack/9c272940-ae0f-11f0-8fa9-02ae66e449fd -r AWSEBBeanstalkMetadata --region ap-southeast-1
2025/10/21 13:19:15.053204 [INFO] checking whether command tail-log is applicable to this instance...
2025/10/21 13:19:15.053219 [INFO] this command is applicable to the instance, thus instance should execute command
2025/10/21 13:19:15.053239 [INFO] Engine command: (tail-log)

2025/10/21 13:19:15.053293 [INFO] Executing instruction: GetTailLogs
2025/10/21 13:19:15.053296 [INFO] Tail Logs...
2025/10/21 13:19:15.053758 [INFO] Running command: tail -n 100 /var/log/eb-hooks.log
2025/10/21 13:19:15.056131 [INFO] Running command: tail -n 100 /var/log/nginx/access.log
2025/10/21 13:19:15.058281 [INFO] Running command: tail -n 100 /var/log/nginx/error.log
2025/10/21 13:19:15.060105 [INFO] Running command: tail -n 100 /tmp/sample-app.log
2025/10/21 13:19:15.061948 [INFO] Running command: tail -n 100 /var/log/web.stdout.log
2025/10/21 13:19:15.063692 [INFO] Running command: tail -n 100 /var/log/eb-engine.log
2025/10/21 13:19:15.124940 [INFO] Executing cleanup logic
2025/10/21 13:19:15.125024 [INFO] CommandService Response: {"status":"SUCCESS","api_version":"1.0","results":[{"status":"SUCCESS","msg":"Engine execution has succeeded.","returncode":0,"events":[{"msg":"Instance deployment completed successfully.","timestamp":1761052755124,"severity":"INFO"}]}]}

2025/10/21 13:19:15.125041 [INFO] Platform Engine finished execution on command: tail-log

2025/10/21 13:29:43.119263 [INFO] Starting...
2025/10/21 13:29:43.119310 [INFO] Starting EBPlatform-PlatformEngine
2025/10/21 13:29:43.119331 [INFO] reading event message file
2025/10/21 13:29:43.119643 [INFO] Engine received EB command cfn-hup-exec

2025/10/21 13:29:43.182921 [INFO] Running command: /opt/aws/bin/cfn-get-metadata -s arn:aws:cloudformation:ap-southeast-1:974082559319:stack/awseb-e-2nzfb3xwfm-stack/9c272940-ae0f-11f0-8fa9-02ae66e449fd -r AWSEBAutoScalingGroup --region ap-southeast-1
2025/10/21 13:29:43.514203 [INFO] Running command: /opt/aws/bin/cfn-get-metadata -s arn:aws:cloudformation:ap-southeast-1:974082559319:stack/awseb-e-2nzfb3xwfm-stack/9c272940-ae0f-11f0-8fa9-02ae66e449fd -r AWSEBBeanstalkMetadata --region ap-southeast-1
2025/10/21 13:29:43.807845 [INFO] checking whether command app-deploy is applicable to this instance...
2025/10/21 13:29:43.807859 [INFO] this command is applicable to the instance, thus instance should execute command
2025/10/21 13:29:43.807863 [INFO] Engine command: (app-deploy)

2025/10/21 13:29:43.807868 [INFO] Downloading EB Application...
2025/10/21 13:29:43.807871 [INFO] Region: ap-southeast-1
2025/10/21 13:29:43.807874 [INFO] envID: e-2nzfb3xwfm
2025/10/21 13:29:43.807877 [INFO] envBucket: elasticbeanstalk-ap-southeast-1-974082559319
2025/10/21 13:29:43.807880 [INFO] accountID: 974082559319
2025/10/21 13:29:43.807882 [INFO] Using manifest file name from command request
2025/10/21 13:29:43.807887 [INFO] Manifest name is : manifest_1761053361813
2025/10/21 13:29:43.807889 [INFO] Download app version manifest
2025/10/21 13:29:43.808101 [INFO] Downloading: bucket: elasticbeanstalk-ap-southeast-1-974082559319, object: resources/environments/e-2nzfb3xwfm/_runtime/versions/manifest_1761053361813, expected bucket owner: 974082559319
2025/10/21 13:29:43.839352 [INFO] Download successful150bytes downloaded
2025/10/21 13:29:43.839497 [INFO] Trying to read and parse version manifest...
2025/10/21 13:29:43.839585 [INFO] Downloading: bucket: elasticbeanstalk-ap-southeast-1-974082559319, object: resources/environments/e-2nzfb3xwfm/_runtime/_versions/jeceProject/code-pipeline-1761053354790-81b3aec881dbc73b989c3fe0cc4b76d398fa5100, expected bucket owner: 974082559319
2025/10/21 13:29:43.857896 [INFO] Download successful49338bytes downloaded
2025/10/21 13:29:43.858186 [INFO] Executing instruction: ElectLeader
2025/10/21 13:29:43.858193 [INFO] Running leader election for instance i-00543c834804e9596...
2025/10/21 13:29:43.858196 [INFO] Calling the cfn-elect-cmd-leader to elect the command leader.
2025/10/21 13:29:43.858206 [INFO] Running command: /opt/aws/bin/cfn-elect-cmd-leader --stack arn:aws:cloudformation:ap-southeast-1:974082559319:stack/awseb-e-2nzfb3xwfm-stack/9c272940-ae0f-11f0-8fa9-02ae66e449fd --command-name ElasticBeanstalkCommand-AWSEBAutoScalingGroup --invocation-id 7782682a-2749-4a9d-92ff-70f4e3940541 --listener-id i-00543c834804e9596 --region ap-southeast-1
2025/10/21 13:29:44.152943 [INFO] Instance is Leader.
2025/10/21 13:29:44.153002 [INFO] Executing instruction: stopSqsd
2025/10/21 13:29:44.153009 [INFO] This is a web server environment instance, skip stop sqsd daemon ...
2025/10/21 13:29:44.153012 [INFO] Executing instruction: PreBuildEbExtension
2025/10/21 13:29:44.153016 [INFO] Starting executing the config set Infra-EmbeddedPreBuild.
2025/10/21 13:29:44.153030 [INFO] Running command: /opt/aws/bin/cfn-init -s arn:aws:cloudformation:ap-southeast-1:974082559319:stack/awseb-e-2nzfb3xwfm-stack/9c272940-ae0f-11f0-8fa9-02ae66e449fd -r AWSEBAutoScalingGroup --region ap-southeast-1 --configsets Infra-EmbeddedPreBuild
2025/10/21 13:29:44.526105 [INFO] Error occurred during build: Command 01_pip_upgrade failed

2025/10/21 13:29:44.526131 [ERROR] An error occurred during execution of command [app-deploy] - [PreBuildEbExtension]. Stop running the command. Error: EbExtension build failed. Please refer to /var/log/cfn-init.log for more details. 

2025/10/21 13:29:44.526134 [INFO] Executing cleanup logic
2025/10/21 13:29:44.526209 [INFO] CommandService Response: {"status":"FAILURE","api_version":"1.0","results":[{"status":"FAILURE","msg":"Engine execution has encountered an error.","returncode":1,"events":[{"msg":"Instance deployment failed. For details, see 'eb-engine.log'.","timestamp":1761053384526,"severity":"ERROR"}]}]}

2025/10/21 13:29:44.527310 [INFO] Platform Engine finished execution on command: app-deploy

2025/10/21 13:30:58.669513 [INFO] Starting...
2025/10/21 13:30:58.669562 [INFO] Starting EBPlatform-PlatformEngine
2025/10/21 13:30:58.669585 [INFO] reading event message file
2025/10/21 13:30:58.669938 [INFO] Engine received EB command cfn-hup-exec

2025/10/21 13:30:58.745939 [INFO] Running command: /opt/aws/bin/cfn-get-metadata -s arn:aws:cloudformation:ap-southeast-1:974082559319:stack/awseb-e-2nzfb3xwfm-stack/9c272940-ae0f-11f0-8fa9-02ae66e449fd -r AWSEBAutoScalingGroup --region ap-southeast-1
2025/10/21 13:30:59.051505 [INFO] Running command: /opt/aws/bin/cfn-get-metadata -s arn:aws:cloudformation:ap-southeast-1:974082559319:stack/awseb-e-2nzfb3xwfm-stack/9c272940-ae0f-11f0-8fa9-02ae66e449fd -r AWSEBBeanstalkMetadata --region ap-southeast-1
2025/10/21 13:30:59.333629 [INFO] checking whether command app-deploy is applicable to this instance...
2025/10/21 13:30:59.333642 [INFO] this command is applicable to the instance, thus instance should execute command
2025/10/21 13:30:59.333645 [INFO] Engine command: (app-deploy)

2025/10/21 13:30:59.333649 [INFO] Downloading EB Application...
2025/10/21 13:30:59.333651 [INFO] Region: ap-southeast-1
2025/10/21 13:30:59.333653 [INFO] envID: e-2nzfb3xwfm
2025/10/21 13:30:59.333655 [INFO] envBucket: elasticbeanstalk-ap-southeast-1-974082559319
2025/10/21 13:30:59.333657 [INFO] accountID: 974082559319
2025/10/21 13:30:59.333662 [INFO] Using manifest file name from command request
2025/10/21 13:30:59.333668 [INFO] Manifest name is : manifest_1761053437194
2025/10/21 13:30:59.333670 [INFO] Download app version manifest
2025/10/21 13:30:59.333822 [INFO] Downloading: bucket: elasticbeanstalk-ap-southeast-1-974082559319, object: resources/environments/e-2nzfb3xwfm/_runtime/versions/manifest_1761053437194, expected bucket owner: 974082559319
2025/10/21 13:30:59.370116 [INFO] Download successful150bytes downloaded
2025/10/21 13:30:59.370257 [INFO] Trying to read and parse version manifest...
2025/10/21 13:30:59.370350 [INFO] Downloading: bucket: elasticbeanstalk-ap-southeast-1-974082559319, object: resources/environments/e-2nzfb3xwfm/_runtime/_versions/jeceProject/code-pipeline-1761053430157-81b3aec881dbc73b989c3fe0cc4b76d398fa5100, expected bucket owner: 974082559319
2025/10/21 13:30:59.393912 [INFO] Download successful49338bytes downloaded
2025/10/21 13:30:59.394196 [INFO] Executing instruction: ElectLeader
2025/10/21 13:30:59.394203 [INFO] Running leader election for instance i-00543c834804e9596...
2025/10/21 13:30:59.394206 [INFO] Calling the cfn-elect-cmd-leader to elect the command leader.
2025/10/21 13:30:59.394216 [INFO] Running command: /opt/aws/bin/cfn-elect-cmd-leader --stack arn:aws:cloudformation:ap-southeast-1:974082559319:stack/awseb-e-2nzfb3xwfm-stack/9c272940-ae0f-11f0-8fa9-02ae66e449fd --command-name ElasticBeanstalkCommand-AWSEBAutoScalingGroup --invocation-id 1a8fbc1c-b7af-470c-9c0f-711f43a9cb8f --listener-id i-00543c834804e9596 --region ap-southeast-1
2025/10/21 13:30:59.695200 [INFO] Instance is Leader.
2025/10/21 13:30:59.695257 [INFO] Executing instruction: stopSqsd
2025/10/21 13:30:59.695262 [INFO] This is a web server environment instance, skip stop sqsd daemon ...
2025/10/21 13:30:59.695265 [INFO] Executing instruction: PreBuildEbExtension
2025/10/21 13:30:59.695268 [INFO] Starting executing the config set Infra-EmbeddedPreBuild.
2025/10/21 13:30:59.695280 [INFO] Running command: /opt/aws/bin/cfn-init -s arn:aws:cloudformation:ap-southeast-1:974082559319:stack/awseb-e-2nzfb3xwfm-stack/9c272940-ae0f-11f0-8fa9-02ae66e449fd -r AWSEBAutoScalingGroup --region ap-southeast-1 --configsets Infra-EmbeddedPreBuild
2025/10/21 13:31:00.213927 [INFO] Error occurred during build: Command 01_pip_upgrade failed

2025/10/21 13:31:00.213958 [ERROR] An error occurred during execution of command [app-deploy] - [PreBuildEbExtension]. Stop running the command. Error: EbExtension build failed. Please refer to /var/log/cfn-init.log for more details. 

2025/10/21 13:31:00.213961 [INFO] Executing cleanup logic
2025/10/21 13:31:00.214042 [INFO] CommandService Response: {"status":"FAILURE","api_version":"1.0","results":[{"status":"FAILURE","msg":"Engine execution has encountered an error.","returncode":1,"events":[{"msg":"Instance deployment failed. For details, see 'eb-engine.log'.","timestamp":1761053460213,"severity":"ERROR"}]}]}

2025/10/21 13:31:00.215135 [INFO] Platform Engine finished execution on command: app-deploy

2025/10/21 13:37:26.758482 [INFO] Starting...
2025/10/21 13:37:26.758526 [INFO] Starting EBPlatform-PlatformEngine
2025/10/21 13:37:26.758546 [INFO] reading event message file
2025/10/21 13:37:26.758838 [INFO] Engine received EB command cfn-hup-exec

2025/10/21 13:37:26.846090 [INFO] Running command: /opt/aws/bin/cfn-get-metadata -s arn:aws:cloudformation:ap-southeast-1:974082559319:stack/awseb-e-2nzfb3xwfm-stack/9c272940-ae0f-11f0-8fa9-02ae66e449fd -r AWSEBAutoScalingGroup --region ap-southeast-1
2025/10/21 13:37:27.142645 [INFO] Running command: /opt/aws/bin/cfn-get-metadata -s arn:aws:cloudformation:ap-southeast-1:974082559319:stack/awseb-e-2nzfb3xwfm-stack/9c272940-ae0f-11f0-8fa9-02ae66e449fd -r AWSEBBeanstalkMetadata --region ap-southeast-1
2025/10/21 13:37:27.429857 [INFO] checking whether command tail-log is applicable to this instance...
2025/10/21 13:37:27.429874 [INFO] this command is applicable to the instance, thus instance should execute command
2025/10/21 13:37:27.429878 [INFO] Engine command: (tail-log)

2025/10/21 13:37:27.430109 [INFO] Executing instruction: GetTailLogs
2025/10/21 13:37:27.430115 [INFO] Tail Logs...
2025/10/21 13:37:27.431426 [INFO] Running command: tail -n 100 /var/log/nginx/error.log
2025/10/21 13:37:27.434658 [INFO] Running command: tail -n 100 /tmp/sample-app.log
2025/10/21 13:37:27.437410 [INFO] Running command: tail -n 100 /var/log/web.stdout.log
2025/10/21 13:37:27.439693 [INFO] Running command: tail -n 100 /var/log/eb-engine.log
2025/10/21 13:37:27.441641 [INFO] Running command: tail -n 100 /var/log/eb-hooks.log
2025/10/21 13:37:27.443334 [INFO] Running command: tail -n 100 /var/log/nginx/access.log
2025/10/21 13:37:27.493647 [INFO] Executing cleanup logic
2025/10/21 13:37:27.493737 [INFO] CommandService Response: {"status":"SUCCESS","api_version":"1.0","results":[{"status":"SUCCESS","msg":"Engine execution has succeeded.","returncode":0,"events":[{"msg":"Instance deployment completed successfully.","timestamp":1761053847493,"severity":"INFO"}]}]}

2025/10/21 13:37:27.493756 [INFO] Platform Engine finished execution on command: tail-log

2025/10/21 13:50:59.152251 [INFO] Starting...
2025/10/21 13:50:59.152306 [INFO] Starting EBPlatform-PlatformEngine
2025/10/21 13:50:59.152329 [INFO] reading event message file
2025/10/21 13:50:59.152786 [INFO] Engine received EB command cfn-hup-exec

2025/10/21 13:50:59.215480 [INFO] Running command: /opt/aws/bin/cfn-get-metadata -s arn:aws:cloudformation:ap-southeast-1:974082559319:stack/awseb-e-2nzfb3xwfm-stack/9c272940-ae0f-11f0-8fa9-02ae66e449fd -r AWSEBAutoScalingGroup --region ap-southeast-1
2025/10/21 13:50:59.509185 [INFO] Running command: /opt/aws/bin/cfn-get-metadata -s arn:aws:cloudformation:ap-southeast-1:974082559319:stack/awseb-e-2nzfb3xwfm-stack/9c272940-ae0f-11f0-8fa9-02ae66e449fd -r AWSEBBeanstalkMetadata --region ap-southeast-1
2025/10/21 13:50:59.804377 [INFO] checking whether command app-deploy is applicable to this instance...
2025/10/21 13:50:59.804389 [INFO] this command is applicable to the instance, thus instance should execute command
2025/10/21 13:50:59.804392 [INFO] Engine command: (app-deploy)

2025/10/21 13:50:59.804395 [INFO] Downloading EB Application...
2025/10/21 13:50:59.804397 [INFO] Region: ap-southeast-1
2025/10/21 13:50:59.804400 [INFO] envID: e-2nzfb3xwfm
2025/10/21 13:50:59.804402 [INFO] envBucket: elasticbeanstalk-ap-southeast-1-974082559319
2025/10/21 13:50:59.804404 [INFO] accountID: 974082559319
2025/10/21 13:50:59.804406 [INFO] Using manifest file name from command request
2025/10/21 13:50:59.804412 [INFO] Manifest name is : manifest_1761054637150
2025/10/21 13:50:59.804414 [INFO] Download app version manifest
2025/10/21 13:50:59.804746 [INFO] Downloading: bucket: elasticbeanstalk-ap-southeast-1-974082559319, object: resources/environments/e-2nzfb3xwfm/_runtime/versions/manifest_1761054637150, expected bucket owner: 974082559319
2025/10/21 13:50:59.844361 [INFO] Download successful150bytes downloaded
2025/10/21 13:50:59.844489 [INFO] Trying to read and parse version manifest...
2025/10/21 13:50:59.844650 [INFO] Downloading: bucket: elasticbeanstalk-ap-southeast-1-974082559319, object: resources/environments/e-2nzfb3xwfm/_runtime/_versions/jeceProject/code-pipeline-1761054630026-4576d9cc313ded2c1f198054546351bdee7f6b01, expected bucket owner: 974082559319
2025/10/21 13:50:59.863785 [INFO] Download successful49687bytes downloaded
2025/10/21 13:50:59.864036 [INFO] Executing instruction: ElectLeader
2025/10/21 13:50:59.864042 [INFO] Running leader election for instance i-00543c834804e9596...
2025/10/21 13:50:59.864044 [INFO] Calling the cfn-elect-cmd-leader to elect the command leader.
2025/10/21 13:50:59.864057 [INFO] Running command: /opt/aws/bin/cfn-elect-cmd-leader --stack arn:aws:cloudformation:ap-southeast-1:974082559319:stack/awseb-e-2nzfb3xwfm-stack/9c272940-ae0f-11f0-8fa9-02ae66e449fd --command-name ElasticBeanstalkCommand-AWSEBAutoScalingGroup --invocation-id 2d7b509e-fb1f-424d-88c2-2c02817f4ff8 --listener-id i-00543c834804e9596 --region ap-southeast-1
2025/10/21 13:51:00.246376 [INFO] Instance is Leader.
2025/10/21 13:51:00.246429 [INFO] Executing instruction: stopSqsd
2025/10/21 13:51:00.246433 [INFO] This is a web server environment instance, skip stop sqsd daemon ...
2025/10/21 13:51:00.246435 [INFO] Executing instruction: PreBuildEbExtension
2025/10/21 13:51:00.246438 [INFO] Starting executing the config set Infra-EmbeddedPreBuild.
2025/10/21 13:51:00.246457 [INFO] Running command: /opt/aws/bin/cfn-init -s arn:aws:cloudformation:ap-southeast-1:974082559319:stack/awseb-e-2nzfb3xwfm-stack/9c272940-ae0f-11f0-8fa9-02ae66e449fd -r AWSEBAutoScalingGroup --region ap-southeast-1 --configsets Infra-EmbeddedPreBuild
2025/10/21 13:51:00.600311 [INFO] Error occurred during build: Command 01_pip_upgrade failed

2025/10/21 13:51:00.600337 [ERROR] An error occurred during execution of command [app-deploy] - [PreBuildEbExtension]. Stop running the command. Error: EbExtension build failed. Please refer to /var/log/cfn-init.log for more details. 

2025/10/21 13:51:00.600341 [INFO] Executing cleanup logic
2025/10/21 13:51:00.600414 [INFO] CommandService Response: {"status":"FAILURE","api_version":"1.0","results":[{"status":"FAILURE","msg":"Engine execution has encountered an error.","returncode":1,"events":[{"msg":"Instance deployment failed. For details, see 'eb-engine.log'.","timestamp":1761054660600,"severity":"ERROR"}]}]}

2025/10/21 13:51:00.601491 [INFO] Platform Engine finished execution on command: app-deploy

2025/10/21 13:55:37.890441 [INFO] Starting...
2025/10/21 13:55:37.890485 [INFO] Starting EBPlatform-PlatformEngine
2025/10/21 13:55:37.890505 [INFO] reading event message file
2025/10/21 13:55:37.890806 [INFO] Engine received EB command cfn-hup-exec

2025/10/21 13:55:37.959730 [INFO] Running command: /opt/aws/bin/cfn-get-metadata -s arn:aws:cloudformation:ap-southeast-1:974082559319:stack/awseb-e-2nzfb3xwfm-stack/9c272940-ae0f-11f0-8fa9-02ae66e449fd -r AWSEBAutoScalingGroup --region ap-southeast-1
2025/10/21 13:55:38.258021 [INFO] Running command: /opt/aws/bin/cfn-get-metadata -s arn:aws:cloudformation:ap-southeast-1:974082559319:stack/awseb-e-2nzfb3xwfm-stack/9c272940-ae0f-11f0-8fa9-02ae66e449fd -r AWSEBBeanstalkMetadata --region ap-southeast-1
2025/10/21 13:55:38.563863 [INFO] checking whether command app-deploy is applicable to this instance...
2025/10/21 13:55:38.563873 [INFO] this command is applicable to the instance, thus instance should execute command
2025/10/21 13:55:38.563875 [INFO] Engine command: (app-deploy)

2025/10/21 13:55:38.563879 [INFO] Downloading EB Application...
2025/10/21 13:55:38.563881 [INFO] Region: ap-southeast-1
2025/10/21 13:55:38.563883 [INFO] envID: e-2nzfb3xwfm
2025/10/21 13:55:38.563885 [INFO] envBucket: elasticbeanstalk-ap-southeast-1-974082559319
2025/10/21 13:55:38.563888 [INFO] accountID: 974082559319
2025/10/21 13:55:38.563890 [INFO] Using manifest file name from command request
2025/10/21 13:55:38.563895 [INFO] Manifest name is : manifest_1761054916200
2025/10/21 13:55:38.563897 [INFO] Download app version manifest
2025/10/21 13:55:38.564059 [INFO] Downloading: bucket: elasticbeanstalk-ap-southeast-1-974082559319, object: resources/environments/e-2nzfb3xwfm/_runtime/versions/manifest_1761054916200, expected bucket owner: 974082559319
2025/10/21 13:55:38.603035 [INFO] Download successful150bytes downloaded
2025/10/21 13:55:38.603164 [INFO] Trying to read and parse version manifest...
2025/10/21 13:55:38.603237 [INFO] Downloading: bucket: elasticbeanstalk-ap-southeast-1-974082559319, object: resources/environments/e-2nzfb3xwfm/_runtime/_versions/jeceProject/code-pipeline-1761054908797-4576d9cc313ded2c1f198054546351bdee7f6b01, expected bucket owner: 974082559319
2025/10/21 13:55:38.633141 [INFO] Download successful49687bytes downloaded
2025/10/21 13:55:38.633395 [INFO] Executing instruction: ElectLeader
2025/10/21 13:55:38.633402 [INFO] Running leader election for instance i-00543c834804e9596...
2025/10/21 13:55:38.633405 [INFO] Calling the cfn-elect-cmd-leader to elect the command leader.
2025/10/21 13:55:38.633415 [INFO] Running command: /opt/aws/bin/cfn-elect-cmd-leader --stack arn:aws:cloudformation:ap-southeast-1:974082559319:stack/awseb-e-2nzfb3xwfm-stack/9c272940-ae0f-11f0-8fa9-02ae66e449fd --command-name ElasticBeanstalkCommand-AWSEBAutoScalingGroup --invocation-id 0a93e84d-8e5b-423f-aef4-f3a561cb70f6 --listener-id i-00543c834804e9596 --region ap-southeast-1
2025/10/21 13:55:38.926526 [INFO] Instance is Leader.
2025/10/21 13:55:38.926579 [INFO] Executing instruction: stopSqsd
2025/10/21 13:55:38.926587 [INFO] This is a web server environment instance, skip stop sqsd daemon ...
2025/10/21 13:55:38.926591 [INFO] Executing instruction: PreBuildEbExtension
2025/10/21 13:55:38.926595 [INFO] Starting executing the config set Infra-EmbeddedPreBuild.
2025/10/21 13:55:38.926612 [INFO] Running command: /opt/aws/bin/cfn-init -s arn:aws:cloudformation:ap-southeast-1:974082559319:stack/awseb-e-2nzfb3xwfm-stack/9c272940-ae0f-11f0-8fa9-02ae66e449fd -r AWSEBAutoScalingGroup --region ap-southeast-1 --configsets Infra-EmbeddedPreBuild
2025/10/21 13:55:39.280313 [INFO] Error occurred during build: Command 01_pip_upgrade failed

2025/10/21 13:55:39.280342 [ERROR] An error occurred during execution of command [app-deploy] - [PreBuildEbExtension]. Stop running the command. Error: EbExtension build failed. Please refer to /var/log/cfn-init.log for more details. 

2025/10/21 13:55:39.280346 [INFO] Executing cleanup logic
2025/10/21 13:55:39.280432 [INFO] CommandService Response: {"status":"FAILURE","api_version":"1.0","results":[{"status":"FAILURE","msg":"Engine execution has encountered an error.","returncode":1,"events":[{"msg":"Instance deployment failed. For details, see 'eb-engine.log'.","timestamp":1761054939280,"severity":"ERROR"}]}]}

2025/10/21 13:55:39.281563 [INFO] Platform Engine finished execution on command: app-deploy

2025/10/21 13:56:16.706110 [INFO] Starting...
2025/10/21 13:56:16.706154 [INFO] Starting EBPlatform-PlatformEngine
2025/10/21 13:56:16.706175 [INFO] reading event message file
2025/10/21 13:56:16.706478 [INFO] Engine received EB command cfn-hup-exec

2025/10/21 13:56:16.778260 [INFO] Running command: /opt/aws/bin/cfn-get-metadata -s arn:aws:cloudformation:ap-southeast-1:974082559319:stack/awseb-e-2nzfb3xwfm-stack/9c272940-ae0f-11f0-8fa9-02ae66e449fd -r AWSEBAutoScalingGroup --region ap-southeast-1
2025/10/21 13:56:17.070145 [INFO] Running command: /opt/aws/bin/cfn-get-metadata -s arn:aws:cloudformation:ap-southeast-1:974082559319:stack/awseb-e-2nzfb3xwfm-stack/9c272940-ae0f-11f0-8fa9-02ae66e449fd -r AWSEBBeanstalkMetadata --region ap-southeast-1
2025/10/21 13:56:17.399648 [INFO] checking whether command tail-log is applicable to this instance...
2025/10/21 13:56:17.399662 [INFO] this command is applicable to the instance, thus instance should execute command
2025/10/21 13:56:17.399666 [INFO] Engine command: (tail-log)

2025/10/21 13:56:17.399721 [INFO] Executing instruction: GetTailLogs
2025/10/21 13:56:17.399724 [INFO] Tail Logs...
2025/10/21 13:56:17.400047 [INFO] Running command: tail -n 100 /var/log/eb-engine.log
2025/10/21 13:56:17.402377 [INFO] Running command: tail -n 100 /var/log/eb-hooks.log
2025/10/21 13:56:17.404254 [INFO] Running command: tail -n 100 /var/log/nginx/access.log
2025/10/21 13:56:17.406154 [INFO] Running command: tail -n 100 /var/log/nginx/error.log
2025/10/21 13:56:17.407879 [INFO] Running command: tail -n 100 /tmp/sample-app.log
2025/10/21 13:56:17.409736 [INFO] Running command: tail -n 100 /var/log/web.stdout.log
2025/10/21 13:56:17.462319 [INFO] Executing cleanup logic
2025/10/21 13:56:17.462387 [INFO] CommandService Response: {"status":"SUCCESS","api_version":"1.0","results":[{"status":"SUCCESS","msg":"Engine execution has succeeded.","returncode":0,"events":[{"msg":"Instance deployment completed successfully.","timestamp":1761054977462,"severity":"INFO"}]}]}

2025/10/21 13:56:17.462404 [INFO] Platform Engine finished execution on command: tail-log

2025/10/21 14:04:41.876108 [INFO] Starting...
2025/10/21 14:04:41.876167 [INFO] Starting EBPlatform-PlatformEngine
2025/10/21 14:04:41.876191 [INFO] reading event message file
2025/10/21 14:04:41.876532 [INFO] Engine received EB command cfn-hup-exec

2025/10/21 14:04:41.943044 [INFO] Running command: /opt/aws/bin/cfn-get-metadata -s arn:aws:cloudformation:ap-southeast-1:974082559319:stack/awseb-e-2nzfb3xwfm-stack/9c272940-ae0f-11f0-8fa9-02ae66e449fd -r AWSEBAutoScalingGroup --region ap-southeast-1
2025/10/21 14:04:42.241768 [INFO] Running command: /opt/aws/bin/cfn-get-metadata -s arn:aws:cloudformation:ap-southeast-1:974082559319:stack/awseb-e-2nzfb3xwfm-stack/9c272940-ae0f-11f0-8fa9-02ae66e449fd -r AWSEBBeanstalkMetadata --region ap-southeast-1
2025/10/21 14:04:42.541433 [INFO] checking whether command app-deploy is applicable to this instance...
2025/10/21 14:04:42.541447 [INFO] this command is applicable to the instance, thus instance should execute command
2025/10/21 14:04:42.541450 [INFO] Engine command: (app-deploy)

2025/10/21 14:04:42.541454 [INFO] Downloading EB Application...
2025/10/21 14:04:42.541456 [INFO] Region: ap-southeast-1
2025/10/21 14:04:42.541459 [INFO] envID: e-2nzfb3xwfm
2025/10/21 14:04:42.541461 [INFO] envBucket: elasticbeanstalk-ap-southeast-1-974082559319
2025/10/21 14:04:42.541463 [INFO] accountID: 974082559319
2025/10/21 14:04:42.541465 [INFO] Using manifest file name from command request
2025/10/21 14:04:42.541470 [INFO] Manifest name is : manifest_1761055460843
2025/10/21 14:04:42.541472 [INFO] Download app version manifest
2025/10/21 14:04:42.541629 [INFO] Downloading: bucket: elasticbeanstalk-ap-southeast-1-974082559319, object: resources/environments/e-2nzfb3xwfm/_runtime/versions/manifest_1761055460843, expected bucket owner: 974082559319
2025/10/21 14:04:42.581807 [INFO] Download successful150bytes downloaded
2025/10/21 14:04:42.581939 [INFO] Trying to read and parse version manifest...
2025/10/21 14:04:42.582011 [INFO] Downloading: bucket: elasticbeanstalk-ap-southeast-1-974082559319, object: resources/environments/e-2nzfb3xwfm/_runtime/_versions/jeceProject/code-pipeline-1761055453738-6dd9d8d6002b2b13969d164c488f9459745775ce, expected bucket owner: 974082559319
2025/10/21 14:04:42.602532 [INFO] Download successful49700bytes downloaded
2025/10/21 14:04:42.602796 [INFO] Executing instruction: ElectLeader
2025/10/21 14:04:42.602802 [INFO] Running leader election for instance i-00543c834804e9596...
2025/10/21 14:04:42.602805 [INFO] Calling the cfn-elect-cmd-leader to elect the command leader.
2025/10/21 14:04:42.602814 [INFO] Running command: /opt/aws/bin/cfn-elect-cmd-leader --stack arn:aws:cloudformation:ap-southeast-1:974082559319:stack/awseb-e-2nzfb3xwfm-stack/9c272940-ae0f-11f0-8fa9-02ae66e449fd --command-name ElasticBeanstalkCommand-AWSEBAutoScalingGroup --invocation-id a6706317-5620-4830-b7d6-85ffc8a8acc7 --listener-id i-00543c834804e9596 --region ap-southeast-1
2025/10/21 14:04:42.917471 [INFO] Instance is Leader.
2025/10/21 14:04:42.917535 [INFO] Executing instruction: stopSqsd
2025/10/21 14:04:42.917542 [INFO] This is a web server environment instance, skip stop sqsd daemon ...
2025/10/21 14:04:42.917547 [INFO] Executing instruction: PreBuildEbExtension
2025/10/21 14:04:42.917550 [INFO] Starting executing the config set Infra-EmbeddedPreBuild.
2025/10/21 14:04:42.917564 [INFO] Running command: /opt/aws/bin/cfn-init -s arn:aws:cloudformation:ap-southeast-1:974082559319:stack/awseb-e-2nzfb3xwfm-stack/9c272940-ae0f-11f0-8fa9-02ae66e449fd -r AWSEBAutoScalingGroup --region ap-southeast-1 --configsets Infra-EmbeddedPreBuild
2025/10/21 14:04:43.668412 [INFO] Error occurred during build: Command 02_install_requirements failed

2025/10/21 14:04:43.668442 [ERROR] An error occurred during execution of command [app-deploy] - [PreBuildEbExtension]. Stop running the command. Error: EbExtension build failed. Please refer to /var/log/cfn-init.log for more details. 

2025/10/21 14:04:43.668446 [INFO] Executing cleanup logic
2025/10/21 14:04:43.668536 [INFO] CommandService Response: {"status":"FAILURE","api_version":"1.0","results":[{"status":"FAILURE","msg":"Engine execution has encountered an error.","returncode":1,"events":[{"msg":"Instance deployment failed. For details, see 'eb-engine.log'.","timestamp":1761055483668,"severity":"ERROR"}]}]}

2025/10/21 14:04:43.670283 [INFO] Platform Engine finished execution on command: app-deploy

2025/10/21 14:08:08.700487 [INFO] Starting...
2025/10/21 14:08:08.700550 [INFO] Starting EBPlatform-PlatformEngine
2025/10/21 14:08:08.700579 [INFO] reading event message file
2025/10/21 14:08:08.701107 [INFO] Engine received EB command cfn-hup-exec

2025/10/21 14:08:08.766431 [INFO] Running command: /opt/aws/bin/cfn-get-metadata -s arn:aws:cloudformation:ap-southeast-1:974082559319:stack/awseb-e-2nzfb3xwfm-stack/9c272940-ae0f-11f0-8fa9-02ae66e449fd -r AWSEBAutoScalingGroup --region ap-southeast-1
2025/10/21 14:08:09.083683 [INFO] Running command: /opt/aws/bin/cfn-get-metadata -s arn:aws:cloudformation:ap-southeast-1:974082559319:stack/awseb-e-2nzfb3xwfm-stack/9c272940-ae0f-11f0-8fa9-02ae66e449fd -r AWSEBBeanstalkMetadata --region ap-southeast-1
2025/10/21 14:08:09.372368 [INFO] checking whether command app-deploy is applicable to this instance...
2025/10/21 14:08:09.372378 [INFO] this command is applicable to the instance, thus instance should execute command
2025/10/21 14:08:09.372381 [INFO] Engine command: (app-deploy)

2025/10/21 14:08:09.372384 [INFO] Downloading EB Application...
2025/10/21 14:08:09.372387 [INFO] Region: ap-southeast-1
2025/10/21 14:08:09.372389 [INFO] envID: e-2nzfb3xwfm
2025/10/21 14:08:09.372391 [INFO] envBucket: elasticbeanstalk-ap-southeast-1-974082559319
2025/10/21 14:08:09.372393 [INFO] accountID: 974082559319
2025/10/21 14:08:09.372395 [INFO] Using manifest file name from command request
2025/10/21 14:08:09.372400 [INFO] Manifest name is : manifest_1761055667337
2025/10/21 14:08:09.372402 [INFO] Download app version manifest
2025/10/21 14:08:09.372712 [INFO] Downloading: bucket: elasticbeanstalk-ap-southeast-1-974082559319, object: resources/environments/e-2nzfb3xwfm/_runtime/versions/manifest_1761055667337, expected bucket owner: 974082559319
2025/10/21 14:08:09.411073 [INFO] Download successful150bytes downloaded
2025/10/21 14:08:09.411228 [INFO] Trying to read and parse version manifest...
2025/10/21 14:08:09.411311 [INFO] Downloading: bucket: elasticbeanstalk-ap-southeast-1-974082559319, object: resources/environments/e-2nzfb3xwfm/_runtime/_versions/jeceProject/code-pipeline-1761055660196-6dd9d8d6002b2b13969d164c488f9459745775ce, expected bucket owner: 974082559319
2025/10/21 14:08:09.463101 [INFO] Download successful49700bytes downloaded
2025/10/21 14:08:09.463358 [INFO] Executing instruction: ElectLeader
2025/10/21 14:08:09.463365 [INFO] Running leader election for instance i-00543c834804e9596...
2025/10/21 14:08:09.463367 [INFO] Calling the cfn-elect-cmd-leader to elect the command leader.
2025/10/21 14:08:09.463377 [INFO] Running command: /opt/aws/bin/cfn-elect-cmd-leader --stack arn:aws:cloudformation:ap-southeast-1:974082559319:stack/awseb-e-2nzfb3xwfm-stack/9c272940-ae0f-11f0-8fa9-02ae66e449fd --command-name ElasticBeanstalkCommand-AWSEBAutoScalingGroup --invocation-id 68867f6b-4816-4460-ae3a-42e109ad2c1a --listener-id i-00543c834804e9596 --region ap-southeast-1
2025/10/21 14:08:09.766756 [INFO] Instance is Leader.
2025/10/21 14:08:09.766811 [INFO] Executing instruction: stopSqsd
2025/10/21 14:08:09.766816 [INFO] This is a web server environment instance, skip stop sqsd daemon ...
2025/10/21 14:08:09.766820 [INFO] Executing instruction: PreBuildEbExtension
2025/10/21 14:08:09.766823 [INFO] Starting executing the config set Infra-EmbeddedPreBuild.
2025/10/21 14:08:09.766833 [INFO] Running command: /opt/aws/bin/cfn-init -s arn:aws:cloudformation:ap-southeast-1:974082559319:stack/awseb-e-2nzfb3xwfm-stack/9c272940-ae0f-11f0-8fa9-02ae66e449fd -r AWSEBAutoScalingGroup --region ap-southeast-1 --configsets Infra-EmbeddedPreBuild
2025/10/21 14:08:10.527652 [INFO] Error occurred during build: Command 02_install_requirements failed

2025/10/21 14:08:10.527684 [ERROR] An error occurred during execution of command [app-deploy] - [PreBuildEbExtension]. Stop running the command. Error: EbExtension build failed. Please refer to /var/log/cfn-init.log for more details. 

2025/10/21 14:08:10.527706 [INFO] Executing cleanup logic
2025/10/21 14:08:10.527780 [INFO] CommandService Response: {"status":"FAILURE","api_version":"1.0","results":[{"status":"FAILURE","msg":"Engine execution has encountered an error.","returncode":1,"events":[{"msg":"Instance deployment failed. For details, see 'eb-engine.log'.","timestamp":1761055690527,"severity":"ERROR"}]}]}

2025/10/21 14:08:10.528990 [INFO] Platform Engine finished execution on command: app-deploy

2025/10/21 14:41:29.776431 [INFO] Starting...
2025/10/21 14:41:29.776479 [INFO] Starting EBPlatform-PlatformEngine
2025/10/21 14:41:29.776506 [INFO] reading event message file
2025/10/21 14:41:29.777012 [INFO] Engine received EB command cfn-hup-exec

2025/10/21 14:41:29.847325 [INFO] Running command: /opt/aws/bin/cfn-get-metadata -s arn:aws:cloudformation:ap-southeast-1:974082559319:stack/awseb-e-2nzfb3xwfm-stack/9c272940-ae0f-11f0-8fa9-02ae66e449fd -r AWSEBAutoScalingGroup --region ap-southeast-1
2025/10/21 14:41:30.158561 [INFO] Running command: /opt/aws/bin/cfn-get-metadata -s arn:aws:cloudformation:ap-southeast-1:974082559319:stack/awseb-e-2nzfb3xwfm-stack/9c272940-ae0f-11f0-8fa9-02ae66e449fd -r AWSEBBeanstalkMetadata --region ap-southeast-1
2025/10/21 14:41:30.466872 [INFO] checking whether command app-deploy is applicable to this instance...
2025/10/21 14:41:30.466890 [INFO] this command is applicable to the instance, thus instance should execute command
2025/10/21 14:41:30.466896 [INFO] Engine command: (app-deploy)

2025/10/21 14:41:30.466901 [INFO] Downloading EB Application...
2025/10/21 14:41:30.466904 [INFO] Region: ap-southeast-1
2025/10/21 14:41:30.466907 [INFO] envID: e-2nzfb3xwfm
2025/10/21 14:41:30.466910 [INFO] envBucket: elasticbeanstalk-ap-southeast-1-974082559319
2025/10/21 14:41:30.466912 [INFO] accountID: 974082559319
2025/10/21 14:41:30.466914 [INFO] Using manifest file name from command request
2025/10/21 14:41:30.466920 [INFO] Manifest name is : manifest_1761057668364
2025/10/21 14:41:30.466922 [INFO] Download app version manifest
2025/10/21 14:41:30.467111 [INFO] Downloading: bucket: elasticbeanstalk-ap-southeast-1-974082559319, object: resources/environments/e-2nzfb3xwfm/_runtime/versions/manifest_1761057668364, expected bucket owner: 974082559319
2025/10/21 14:41:30.505356 [INFO] Download successful110bytes downloaded
2025/10/21 14:41:30.505490 [INFO] Trying to read and parse version manifest...
2025/10/21 14:41:30.505565 [INFO] Downloading: bucket: elasticbeanstalk-ap-southeast-1-974082559319, object: resources/environments/e-2nzfb3xwfm/_runtime/_versions/jeceProject/app-6dd9-251021_154052369059, expected bucket owner: 974082559319
2025/10/21 14:41:30.521824 [INFO] Download successful44602bytes downloaded
2025/10/21 14:41:30.522073 [INFO] Executing instruction: ElectLeader
2025/10/21 14:41:30.522079 [INFO] Running leader election for instance i-00543c834804e9596...
2025/10/21 14:41:30.522082 [INFO] Calling the cfn-elect-cmd-leader to elect the command leader.
2025/10/21 14:41:30.522092 [INFO] Running command: /opt/aws/bin/cfn-elect-cmd-leader --stack arn:aws:cloudformation:ap-southeast-1:974082559319:stack/awseb-e-2nzfb3xwfm-stack/9c272940-ae0f-11f0-8fa9-02ae66e449fd --command-name ElasticBeanstalkCommand-AWSEBAutoScalingGroup --invocation-id a4025ddc-0752-4c38-b376-de915ddac07f --listener-id i-00543c834804e9596 --region ap-southeast-1
2025/10/21 14:41:30.827752 [INFO] Instance is Leader.
2025/10/21 14:41:30.827810 [INFO] Executing instruction: stopSqsd
2025/10/21 14:41:30.827817 [INFO] This is a web server environment instance, skip stop sqsd daemon ...
2025/10/21 14:41:30.827821 [INFO] Executing instruction: PreBuildEbExtension
2025/10/21 14:41:30.827825 [INFO] Starting executing the config set Infra-EmbeddedPreBuild.
2025/10/21 14:41:30.827836 [INFO] Running command: /opt/aws/bin/cfn-init -s arn:aws:cloudformation:ap-southeast-1:974082559319:stack/awseb-e-2nzfb3xwfm-stack/9c272940-ae0f-11f0-8fa9-02ae66e449fd -r AWSEBAutoScalingGroup --region ap-southeast-1 --configsets Infra-EmbeddedPreBuild
2025/10/21 14:41:31.581950 [INFO] Error occurred during build: Command 02_install_requirements failed

2025/10/21 14:41:31.581983 [ERROR] An error occurred during execution of command [app-deploy] - [PreBuildEbExtension]. Stop running the command. Error: EbExtension build failed. Please refer to /var/log/cfn-init.log for more details. 

2025/10/21 14:41:31.581987 [INFO] Executing cleanup logic
2025/10/21 14:41:31.582060 [INFO] CommandService Response: {"status":"FAILURE","api_version":"1.0","results":[{"status":"FAILURE","msg":"Engine execution has encountered an error.","returncode":1,"events":[{"msg":"Instance deployment failed. For details, see 'eb-engine.log'.","timestamp":1761057691582,"severity":"ERROR"}]}]}

2025/10/21 14:41:31.583178 [INFO] Platform Engine finished execution on command: app-deploy

2025/10/21 14:42:33.665299 [INFO] Starting...
2025/10/21 14:42:33.665353 [INFO] Starting EBPlatform-PlatformEngine
2025/10/21 14:42:33.665378 [INFO] reading event message file
2025/10/21 14:42:33.665731 [INFO] Engine received EB command cfn-hup-exec

2025/10/21 14:42:33.728472 [INFO] Running command: /opt/aws/bin/cfn-get-metadata -s arn:aws:cloudformation:ap-southeast-1:974082559319:stack/awseb-e-2nzfb3xwfm-stack/9c272940-ae0f-11f0-8fa9-02ae66e449fd -r AWSEBAutoScalingGroup --region ap-southeast-1
2025/10/21 14:42:34.055341 [INFO] Running command: /opt/aws/bin/cfn-get-metadata -s arn:aws:cloudformation:ap-southeast-1:974082559319:stack/awseb-e-2nzfb3xwfm-stack/9c272940-ae0f-11f0-8fa9-02ae66e449fd -r AWSEBBeanstalkMetadata --region ap-southeast-1
2025/10/21 14:42:34.369292 [INFO] checking whether command tail-log is applicable to this instance...
2025/10/21 14:42:34.369304 [INFO] this command is applicable to the instance, thus instance should execute command
2025/10/21 14:42:34.369307 [INFO] Engine command: (tail-log)

2025/10/21 14:42:34.369349 [INFO] Executing instruction: GetTailLogs
2025/10/21 14:42:34.369351 [INFO] Tail Logs...
2025/10/21 14:42:34.369674 [INFO] Running command: tail -n 100 /var/log/eb-engine.log
2025/10/21 14:42:34.372045 [INFO] Running command: tail -n 100 /var/log/eb-hooks.log
2025/10/21 14:42:34.374232 [INFO] Running command: tail -n 100 /var/log/nginx/access.log
2025/10/21 14:42:34.376057 [INFO] Running command: tail -n 100 /var/log/nginx/error.log
2025/10/21 14:42:34.378245 [INFO] Running command: tail -n 100 /tmp/sample-app.log
2025/10/21 14:42:34.380407 [INFO] Running command: tail -n 100 /var/log/web.stdout.log
2025/10/21 14:42:34.438141 [INFO] Executing cleanup logic
2025/10/21 14:42:34.438211 [INFO] CommandService Response: {"status":"SUCCESS","api_version":"1.0","results":[{"status":"SUCCESS","msg":"Engine execution has succeeded.","returncode":0,"events":[{"msg":"Instance deployment completed successfully.","timestamp":1761057754438,"severity":"INFO"}]}]}

2025/10/21 14:42:34.438228 [INFO] Platform Engine finished execution on command: tail-log

2025/10/21 14:44:05.828284 [INFO] Starting...
2025/10/21 14:44:05.828329 [INFO] Starting EBPlatform-PlatformEngine
2025/10/21 14:44:05.828349 [INFO] reading event message file
2025/10/21 14:44:05.828754 [INFO] Engine received EB command cfn-hup-exec

2025/10/21 14:44:05.897757 [INFO] Running command: /opt/aws/bin/cfn-get-metadata -s arn:aws:cloudformation:ap-southeast-1:974082559319:stack/awseb-e-2nzfb3xwfm-stack/9c272940-ae0f-11f0-8fa9-02ae66e449fd -r AWSEBAutoScalingGroup --region ap-southeast-1
2025/10/21 14:44:06.210409 [INFO] Running command: /opt/aws/bin/cfn-get-metadata -s arn:aws:cloudformation:ap-southeast-1:974082559319:stack/awseb-e-2nzfb3xwfm-stack/9c272940-ae0f-11f0-8fa9-02ae66e449fd -r AWSEBBeanstalkMetadata --region ap-southeast-1
2025/10/21 14:44:06.506868 [INFO] checking whether command bundle-log is applicable to this instance...
2025/10/21 14:44:06.506880 [INFO] this command is applicable to the instance, thus instance should execute command
2025/10/21 14:44:06.506883 [INFO] Engine command: (bundle-log)

2025/10/21 14:44:06.506925 [INFO] Executing instruction: GetBundleLogs
2025/10/21 14:44:06.506928 [INFO] Bundle Logs...
